rm_key|co_nm|co_sts|chng_sts_dt|co_grp|oa_flag|oa_sts|oa_dt|lvl5_oc_cd|lvl5_oc_nm|co_seg|co_seg_lvl|indst|scb_tnur|co_age|avg_edng_bal_ytd|avg_edng_bal_ytd_prev_yr|coh_latest|coh_latest_prev_yr|coh_yr_latest|coh_yr_latest_prev_yr|cogs_latest|cogs_latest_prev_yr|cogs_yr_latest|cogs_yr_latest_prev_yr|net_sale_latest|net_sale_latest_prev_yr|net_sale_yr_latest|net_sale_yr_latest_prev_yr|avg_coh_prev_3yr|avg_cogs_prev_3yr|avg_net_sale_prev_3yr|pro_rt_avg_cogs_prev_3yr|pro_rt_avg_net_sale_prev_3yr|co_indst_prior|co_seg_prior|bcm_flag|cust_type_cd|cust_new_to_bcm_prod_flag_wthin_mnth|cust_new_to_bcm_prod_flag_wthin_yr|cust_strt_dt|dl_load_ts|dl_data_dt|mnth_id
008600000000000000000000000005|(Unknown Commercial_0000000005)|NULL|NULL|(Unknown Commercial_0000000005)|N|NULL|NULL|9129|Corporate Banking 1|CORP|Mid corp|Financial Institutions|1|NULL|NULL|NULL|NULL|NULL|NULL|NULL|NULL|NULL|NULL|NULL|NULL|NULL|NULL|NULL|NULL|NULL|NULL|NULL|NULL|1|1|N|C|NULL|NULL|43248|43887.637|43585|43556
008600000000000000000000000007|(Unknown Commercial_0000000007)|NULL|NULL|(Unknown Commercial_0000000007)|N|NULL|NULL|9892|Corporate Banking 3|CORP|Mid corp|Agricultural Products & Commodities|1|NULL|0|NULL|NULL|NULL|NULL|NULL|NULL|NULL|NULL|NULL|NULL|NULL|NULL|NULL|NULL|NULL|NULL|NULL|NULL|1|1|N|C|NULL|NULL|43291|43887.637|43585|43556
008600000000000000000000000008|(Unknown Commercial_0000000008)|NULL|NULL|(Unknown Commercial_0000000008)|N|NULL|NULL|9130|Corporate Banking 2|CORP|Mid corp|Foods and Beverages|1|NULL|0|NULL|NULL|NULL|NULL|NULL|NULL|NULL|NULL|NULL|NULL|NULL|NULL|NULL|NULL|NULL|NULL|NULL|NULL|1|1|N|C|NULL|NULL|43291|43887.637|43585|43556
008600000000000000000000000012|(Unknown Commercial_0000000012)|NULL|NULL|(Unknown Commercial_0000000012)|N|NULL|NULL|9129|Corporate Banking 1|CORP|Mid corp|Financial Institutions|0|NULL|NULL|NULL|NULL|NULL|NULL|NULL|NULL|NULL|NULL|NULL|NULL|NULL|NULL|NULL|NULL|NULL|NULL|NULL|NULL|1|1|N|C|NULL|NULL|43483|43887.637|43585|43556
008600000000000000000000000029|(Unknown Commercial_0000000029)|NULL|NULL|(Unknown Commercial_0000000029)|N|NULL|NULL|9130|Corporate Banking 2|CORP|Mid corp|Wholesale & Retail|0|NULL|0|NULL|NULL|NULL|NULL|NULL|NULL|NULL|NULL|NULL|NULL|NULL|NULL|NULL|NULL|NULL|NULL|NULL|NULL|1|1|N|C|NULL|NULL|43523|43887.637|43585|43556
008300000000000000000000001358|(Unknown Commercial_0000001358)|NULL|NULL|(Unknown Commercial_0000001358)|N|NULL|NULL|9130|Corporate Banking 2|CORP|Mid corp|Auto & Parts|1|NULL|2083614.23|NULL|NULL|NULL|NULL|NULL|NULL|NULL|NULL|NULL|NULL|NULL|NULL|NULL|NULL|NULL|NULL|NULL|NULL|1|1|N|C|NULL|NULL|43327|43887.637|43585|43556
008300000000000000000000001463|(Unknown Commercial_0000001463)|NULL|NULL|(Unknown Commercial_0000001463)|N|NULL|NULL|9130|Corporate Banking 2|CORP|Mid corp|Financial Institutions|1|NULL|64482.17|NULL|NULL|NULL|NULL|NULL|NULL|NULL|NULL|NULL|NULL|NULL|NULL|NULL|NULL|NULL|NULL|NULL|NULL|1|1|N|C|NULL|NULL|43332|43887.637|43585|43556
008300000000000000000000001630|(Unknown Commercial_0000001630)|NULL|NULL|(Unknown Commercial_0000001630)|N|NULL|NULL|9129|Corporate Banking 1|CORP|Mid corp|Financial Institutions|1|NULL|NULL|NULL|NULL|NULL|NULL|NULL|NULL|NULL|NULL|NULL|NULL|NULL|NULL|NULL|NULL|NULL|NULL|NULL|NULL|1|1|N|C|NULL|NULL|43355|43887.637|43585|43556
008300000000000000000000001804|(Unknown Commercial_0000001804)|NULL|NULL|(Unknown Commercial_0000001804)|N|NULL|NULL|9892|Corporate Banking 3|CORP|Mid corp|Agricultural Products & Commodities|0|NULL|0|NULL|NULL|NULL|NULL|NULL|NULL|NULL|NULL|NULL|NULL|NULL|NULL|NULL|NULL|NULL|NULL|NULL|NULL|1|1|N|C|NULL|NULL|43523|43887.637|43585|43556
001400000000000000000028127151|(Unknown Commercial_0028127151)|NULL|NULL|(Unknown Commercial_0028127151)|N|NON-OA|2019-04-30|9892|Corporate Banking 3|CORP|Mid corp|Others|1|NULL|488152.75|NULL|NULL|NULL|NULL|NULL|NULL|NULL|NULL|NULL|NULL|NULL|NULL|NULL|NULL|NULL|NULL|NULL|NULL|1|1|Y|C|N|N|43251|43887.637|43585|43556
001400000000000000000028745799|(Unknown Commercial_0028745799)|NULL|NULL|(Unknown Commercial_0028745799)|N|NON-OA|2019-04-30|9892|Corporate Banking 3|CORP|Mid corp|Others|1|NULL|5428.74|NULL|NULL|NULL|NULL|NULL|NULL|NULL|NULL|NULL|NULL|NULL|NULL|NULL|NULL|NULL|NULL|NULL|NULL|1|1|N|C|NULL|NULL|43376|43887.637|43585|43556
001400000000000000000029190864|(Unknown Commercial_0029190864)|NULL|NULL|(Unknown Commercial_0029190864)|N|NON-OA|2019-04-30|9129|Corporate Banking 1|CORP|Mid corp|Real Estate|0|NULL|23528.26|NULL|NULL|NULL|NULL|NULL|NULL|NULL|NULL|NULL|NULL|NULL|NULL|NULL|NULL|NULL|NULL|NULL|NULL|1|1|N|C|NULL|NULL|43503|43887.637|43585|43556
001400000000000000000029192493|(Unknown Commercial_0029192493)|NULL|NULL|(Unknown Commercial_0029192493)|N|NON-OA|2019-04-30|9129|Corporate Banking 1|CORP|Mid corp|Financial Institutions|0|NULL|NULL|NULL|NULL|NULL|NULL|NULL|NULL|NULL|NULL|NULL|NULL|NULL|NULL|NULL|NULL|NULL|NULL|NULL|NULL|1|1|N|C|NULL|NULL|43503|43887.637|43585|43556
001400000000000000000029192494|(Unknown Commercial_0029192494)|NULL|NULL|(Unknown Commercial_0029192494)|N|NON-OA|2019-04-30|9129|Corporate Banking 1|CORP|Mid corp|Financial Institutions|0|NULL|NULL|NULL|NULL|NULL|NULL|NULL|NULL|NULL|NULL|NULL|NULL|NULL|NULL|NULL|NULL|NULL|NULL|NULL|NULL|1|1|N|C|NULL|NULL|43503|43887.637|43585|43556
001400000000000000000029192496|(Unknown Commercial_0029192496)|NULL|NULL|(Unknown Commercial_0029192496)|N|NON-OA|2019-04-30|9129|Corporate Banking 1|CORP|Mid corp|Financial Institutions|0|NULL|NULL|NULL|NULL|NULL|NULL|NULL|NULL|NULL|NULL|NULL|NULL|NULL|NULL|NULL|NULL|NULL|NULL|NULL|NULL|1|1|N|C|NULL|NULL|43503|43887.637|43585|43556
001400000000000000000029196203|(Unknown Commercial_0029196203)|NULL|NULL|(Unknown Commercial_0029196203)|N|NON-OA|2019-04-30|9129|Corporate Banking 1|CORP|Mid corp|Financial Institutions|0|NULL|NULL|NULL|NULL|NULL|NULL|NULL|NULL|NULL|NULL|NULL|NULL|NULL|NULL|NULL|NULL|NULL|NULL|NULL|NULL|1|1|N|C|NULL|NULL|43504|43887.637|43585|43556
001400000000000000000029200841|(Unknown Commercial_0029200841)|NULL|NULL|(Unknown Commercial_0029200841)|N|NON-OA|2019-04-30|9607|Corporate Banking 4|CORP|Mid corp|Construction|0|NULL|198.55|NULL|NULL|NULL|NULL|NULL|NULL|NULL|NULL|NULL|NULL|NULL|NULL|NULL|NULL|NULL|NULL|NULL|NULL|1|1|N|C|NULL|NULL|43507|43887.637|43585|43556
001400000000000000000029208026|(Unknown Commercial_0029208026)|NULL|NULL|(Unknown Commercial_0029208026)|N|NON-OA|2019-04-30|9129|Corporate Banking 1|CORP|Mid corp|Financial Institutions|0|NULL|NULL|NULL|NULL|NULL|NULL|NULL|NULL|NULL|NULL|NULL|NULL|NULL|NULL|NULL|NULL|NULL|NULL|NULL|NULL|1|1|N|C|NULL|NULL|43508|43887.637|43585|43556
001400000000000000000029208027|(Unknown Commercial_0029208027)|NULL|NULL|(Unknown Commercial_0029208027)|N|NON-OA|2019-04-30|9129|Corporate Banking 1|CORP|Mid corp|Financial Institutions|0|NULL|NULL|NULL|NULL|NULL|NULL|NULL|NULL|NULL|NULL|NULL|NULL|NULL|NULL|NULL|NULL|NULL|NULL|NULL|NULL|1|1|N|C|NULL|NULL|43508|43887.637|43585|43556
001400000000000000000029211756|(Unknown Commercial_0029211756)|NULL|NULL|(Unknown Commercial_0029211756)|N|NON-OA|2019-04-30|9129|Corporate Banking 1|CORP|Mid corp|Financial Institutions|0|NULL|NULL|NULL|NULL|NULL|NULL|NULL|NULL|NULL|NULL|NULL|NULL|NULL|NULL|NULL|NULL|NULL|NULL|NULL|NULL|1|1|N|C|NULL|NULL|43509|43887.637|43585|43556
001400000000000000000029212400|(Unknown Commercial_0029212400)|NULL|NULL|(Unknown Commercial_0029212400)|N|NON-OA|2019-04-30|9129|Corporate Banking 1|CORP|Mid corp|Financial Institutions|0|NULL|15933.63|NULL|NULL|NULL|NULL|NULL|NULL|NULL|NULL|NULL|NULL|NULL|NULL|NULL|NULL|NULL|NULL|NULL|NULL|1|1|N|C|NULL|NULL|43510|43887.637|43585|43556
001400000000000000000029212582|(Unknown Commercial_0029212582)|NULL|NULL|(Unknown Commercial_0029212582)|N|NON-OA|2019-04-30|9129|Corporate Banking 1|CORP|Mid corp|Financial Institutions|0|NULL|15874.71|NULL|NULL|NULL|NULL|NULL|NULL|NULL|NULL|NULL|NULL|NULL|NULL|NULL|NULL|NULL|NULL|NULL|NULL|1|1|N|C|NULL|NULL|43510|43887.637|43585|43556
001400000000000000000029212866|(Unknown Commercial_0029212866)|NULL|NULL|(Unknown Commercial_0029212866)|N|NON-OA|2019-04-30|9129|Corporate Banking 1|CORP|Mid corp|Financial Institutions|0|NULL|19427.04|NULL|NULL|NULL|NULL|NULL|NULL|NULL|NULL|NULL|NULL|NULL|NULL|NULL|NULL|NULL|NULL|NULL|NULL|1|1|N|C|NULL|NULL|43510|43887.637|43585|43556
001400000000000000000029215488|(Unknown Commercial_0029215488)|NULL|NULL|(Unknown Commercial_0029215488)|N|NON-OA|2019-04-30|9129|Corporate Banking 1|CORP|Mid corp|Financial Institutions|0|NULL|NULL|NULL|NULL|NULL|NULL|NULL|NULL|NULL|NULL|NULL|NULL|NULL|NULL|NULL|NULL|NULL|NULL|NULL|NULL|1|1|N|C|NULL|NULL|43510|43887.637|43585|43556
001400000000000000000029219007|(Unknown Commercial_0029219007)|NULL|NULL|(Unknown Commercial_0029219007)|N|NON-OA|2019-04-30|9129|Corporate Banking 1|CORP|Mid corp|Financial Institutions|0|NULL|NULL|NULL|NULL|NULL|NULL|NULL|NULL|NULL|NULL|NULL|NULL|NULL|NULL|NULL|NULL|NULL|NULL|NULL|NULL|1|1|N|C|NULL|NULL|43511|43887.637|43585|43556
001400000000000000000029219008|(Unknown Commercial_0029219008)|NULL|NULL|(Unknown Commercial_0029219008)|N|NON-OA|2019-04-30|9129|Corporate Banking 1|CORP|Mid corp|Financial Institutions|0|NULL|NULL|NULL|NULL|NULL|NULL|NULL|NULL|NULL|NULL|NULL|NULL|NULL|NULL|NULL|NULL|NULL|NULL|NULL|NULL|1|1|N|C|NULL|NULL|43511|43887.637|43585|43556
001400000000000000000029226931|(Unknown Commercial_0029226931)|NULL|NULL|(Unknown Commercial_0029226931)|N|NON-OA|2019-04-30|9129|Corporate Banking 1|CORP|Mid corp|Financial Institutions|0|NULL|NULL|NULL|NULL|NULL|NULL|NULL|NULL|NULL|NULL|NULL|NULL|NULL|NULL|NULL|NULL|NULL|NULL|NULL|NULL|1|1|N|C|NULL|NULL|43514|43887.637|43585|43556
001400000000000000000029230826|(Unknown Commercial_0029230826)|NULL|NULL|(Unknown Commercial_0029230826)|N|NON-OA|2019-04-30|9129|Corporate Banking 1|CORP|Mid corp|Financial Institutions|0|NULL|25278.27|NULL|NULL|NULL|NULL|NULL|NULL|NULL|NULL|NULL|NULL|NULL|NULL|NULL|NULL|NULL|NULL|NULL|NULL|1|1|N|C|NULL|NULL|43516|43887.637|43585|43556
001400000000000000000029231140|(Unknown Commercial_0029231140)|NULL|NULL|(Unknown Commercial_0029231140)|N|NON-OA|2019-04-30|9129|Corporate Banking 1|CORP|Mid corp|Financial Institutions|0|NULL|22183.45|NULL|NULL|NULL|NULL|NULL|NULL|NULL|NULL|NULL|NULL|NULL|NULL|NULL|NULL|NULL|NULL|NULL|NULL|1|1|N|C|NULL|NULL|43516|43887.637|43585|43556
001400000000000000000029232666|(Unknown Commercial_0029232666)|NULL|NULL|(Unknown Commercial_0029232666)|N|NON-OA|2019-04-30|9129|Corporate Banking 1|CORP|Mid corp|Financial Institutions|0|NULL|NULL|NULL|NULL|NULL|NULL|NULL|NULL|NULL|NULL|NULL|NULL|NULL|NULL|NULL|NULL|NULL|NULL|NULL|NULL|1|1|N|C|NULL|NULL|43516|43887.637|43585|43556
001400000000000000000029235399|(Unknown Commercial_0029235399)|NULL|NULL|(Unknown Commercial_0029235399)|N|NON-OA|2019-04-30|9607|Corporate Banking 4|CORP|Mid corp|Others|0|NULL|0|NULL|NULL|NULL|NULL|NULL|NULL|NULL|NULL|NULL|NULL|NULL|NULL|NULL|NULL|NULL|NULL|NULL|NULL|1|1|N|C|NULL|NULL|43517|43887.637|43585|43556
001400000000000000000029236542|(Unknown Commercial_0029236542)|NULL|NULL|(Unknown Commercial_0029236542)|N|NON-OA|2019-04-30|9129|Corporate Banking 1|CORP|Mid corp|Financial Institutions|0|NULL|NULL|NULL|NULL|NULL|NULL|NULL|NULL|NULL|NULL|NULL|NULL|NULL|NULL|NULL|NULL|NULL|NULL|NULL|NULL|1|1|N|C|NULL|NULL|43517|43887.637|43585|43556
001400000000000000000029236543|(Unknown Commercial_0029236543)|NULL|NULL|(Unknown Commercial_0029236543)|N|NON-OA|2019-04-30|9129|Corporate Banking 1|CORP|Mid corp|Financial Institutions|0|NULL|NULL|NULL|NULL|NULL|NULL|NULL|NULL|NULL|NULL|NULL|NULL|NULL|NULL|NULL|NULL|NULL|NULL|NULL|NULL|1|1|N|C|NULL|NULL|43517|43887.637|43585|43556
001400000000000000000029236544|(Unknown Commercial_0029236544)|NULL|NULL|(Unknown Commercial_0029236544)|N|NON-OA|2019-04-30|9129|Corporate Banking 1|CORP|Mid corp|Financial Institutions|0|NULL|NULL|NULL|NULL|NULL|NULL|NULL|NULL|NULL|NULL|NULL|NULL|NULL|NULL|NULL|NULL|NULL|NULL|NULL|NULL|1|1|N|C|NULL|NULL|43517|43887.637|43585|43556
001400000000000000000029236545|(Unknown Commercial_0029236545)|NULL|NULL|(Unknown Commercial_0029236545)|N|NON-OA|2019-04-30|9129|Corporate Banking 1|CORP|Mid corp|Financial Institutions|0|NULL|NULL|NULL|NULL|NULL|NULL|NULL|NULL|NULL|NULL|NULL|NULL|NULL|NULL|NULL|NULL|NULL|NULL|NULL|NULL|1|1|N|C|NULL|NULL|43517|43887.637|43585|43556
001400000000000000000029236546|(Unknown Commercial_0029236546)|NULL|NULL|(Unknown Commercial_0029236546)|N|NON-OA|2019-04-30|9129|Corporate Banking 1|CORP|Mid corp|Financial Institutions|0|NULL|NULL|NULL|NULL|NULL|NULL|NULL|NULL|NULL|NULL|NULL|NULL|NULL|NULL|NULL|NULL|NULL|NULL|NULL|NULL|1|1|N|C|NULL|NULL|43517|43887.637|43585|43556
001400000000000000000029238843|(Unknown Commercial_0029238843)|NULL|NULL|(Unknown Commercial_0029238843)|N|NON-OA|2019-04-30|9892|Corporate Banking 3|CORP|Mid corp|Others|0|NULL|834826.86|NULL|NULL|NULL|NULL|NULL|NULL|NULL|NULL|NULL|NULL|NULL|NULL|NULL|NULL|NULL|NULL|NULL|NULL|1|1|N|C|NULL|NULL|43518|43887.637|43585|43556
001400000000000000000029244176|(Unknown Commercial_0029244176)|NULL|NULL|(Unknown Commercial_0029244176)|N|NON-OA|2019-04-30|9607|Corporate Banking 4|CORP|Mid corp|Electronics & Electrical Appliances|0|NULL|0|NULL|NULL|NULL|NULL|NULL|NULL|NULL|NULL|NULL|NULL|NULL|NULL|NULL|NULL|NULL|NULL|NULL|NULL|1|1|N|C|NULL|NULL|43521|43887.637|43585|43556
001400000000000000000029248517|(Unknown Commercial_0029248517)|NULL|NULL|(Unknown Commercial_0029248517)|N|NON-OA|2019-04-30|9129|Corporate Banking 1|CORP|Mid corp|Financial Institutions|0|NULL|69163.26|NULL|NULL|NULL|NULL|NULL|NULL|NULL|NULL|NULL|NULL|NULL|NULL|NULL|NULL|NULL|NULL|NULL|NULL|1|1|N|C|NULL|NULL|43522|43887.637|43585|43556
001400000000000000000029248827|(Unknown Commercial_0029248827)|NULL|NULL|(Unknown Commercial_0029248827)|N|NON-OA|2019-04-30|9129|Corporate Banking 1|CORP|Mid corp|Financial Institutions|0|NULL|928903.93|NULL|NULL|NULL|NULL|NULL|NULL|NULL|NULL|NULL|NULL|NULL|NULL|NULL|NULL|NULL|NULL|NULL|NULL|1|1|N|C|NULL|NULL|43522|43887.637|43585|43556
001400000000000000000029251932|(Unknown Commercial_0029251932)|NULL|NULL|(Unknown Commercial_0029251932)|N|NON-OA|2019-04-30|9129|Corporate Banking 1|CORP|Mid corp|Financial Institutions|0|NULL|NULL|NULL|NULL|NULL|NULL|NULL|NULL|NULL|NULL|NULL|NULL|NULL|NULL|NULL|NULL|NULL|NULL|NULL|NULL|1|1|N|C|NULL|NULL|43522|43887.637|43585|43556
001400000000000000000029251933|(Unknown Commercial_0029251933)|NULL|NULL|(Unknown Commercial_0029251933)|N|NON-OA|2019-04-30|9129|Corporate Banking 1|CORP|Mid corp|Financial Institutions|0|NULL|NULL|NULL|NULL|NULL|NULL|NULL|NULL|NULL|NULL|NULL|NULL|NULL|NULL|NULL|NULL|NULL|NULL|NULL|NULL|1|1|N|C|NULL|NULL|43522|43887.637|43585|43556
001400000000000000000029251934|(Unknown Commercial_0029251934)|NULL|NULL|(Unknown Commercial_0029251934)|N|NON-OA|2019-04-30|9129|Corporate Banking 1|CORP|Mid corp|Financial Institutions|0|NULL|NULL|NULL|NULL|NULL|NULL|NULL|NULL|NULL|NULL|NULL|NULL|NULL|NULL|NULL|NULL|NULL|NULL|NULL|NULL|1|1|N|C|NULL|NULL|43522|43887.637|43585|43556
001400000000000000000029251935|(Unknown Commercial_0029251935)|NULL|NULL|(Unknown Commercial_0029251935)|N|NON-OA|2019-04-30|9129|Corporate Banking 1|CORP|Mid corp|Financial Institutions|0|NULL|NULL|NULL|NULL|NULL|NULL|NULL|NULL|NULL|NULL|NULL|NULL|NULL|NULL|NULL|NULL|NULL|NULL|NULL|NULL|1|1|N|C|NULL|NULL|43522|43887.637|43585|43556
001400000000000000000029251936|(Unknown Commercial_0029251936)|NULL|NULL|(Unknown Commercial_0029251936)|N|NON-OA|2019-04-30|9129|Corporate Banking 1|CORP|Mid corp|Financial Institutions|0|NULL|NULL|NULL|NULL|NULL|NULL|NULL|NULL|NULL|NULL|NULL|NULL|NULL|NULL|NULL|NULL|NULL|NULL|NULL|NULL|1|1|N|C|NULL|NULL|43522|43887.637|43585|43556
001400000000000000000029256029|(Unknown Commercial_0029256029)|NULL|NULL|(Unknown Commercial_0029256029)|N|NON-OA|2019-04-30|9129|Corporate Banking 1|CORP|Mid corp|Financial Institutions|0|NULL|NULL|NULL|NULL|NULL|NULL|NULL|NULL|NULL|NULL|NULL|NULL|NULL|NULL|NULL|NULL|NULL|NULL|NULL|NULL|1|1|N|C|NULL|NULL|43523|43887.637|43585|43556
001400000000000000000029256030|(Unknown Commercial_0029256030)|NULL|NULL|(Unknown Commercial_0029256030)|N|NON-OA|2019-04-30|9129|Corporate Banking 1|CORP|Mid corp|Financial Institutions|0|NULL|NULL|NULL|NULL|NULL|NULL|NULL|NULL|NULL|NULL|NULL|NULL|NULL|NULL|NULL|NULL|NULL|NULL|NULL|NULL|1|1|N|C|NULL|NULL|43523|43887.637|43585|43556
001400000000000000000029256031|(Unknown Commercial_0029256031)|NULL|NULL|(Unknown Commercial_0029256031)|N|NON-OA|2019-04-30|9129|Corporate Banking 1|CORP|Mid corp|Financial Institutions|0|NULL|NULL|NULL|NULL|NULL|NULL|NULL|NULL|NULL|NULL|NULL|NULL|NULL|NULL|NULL|NULL|NULL|NULL|NULL|NULL|1|1|N|C|NULL|NULL|43523|43887.637|43585|43556
001400000000000000000029260297|(Unknown Commercial_0029260297)|NULL|NULL|(Unknown Commercial_0029260297)|N|NON-OA|2019-04-30|9607|Corporate Banking 4|CORP|Mid corp|Financial Institutions|0|NULL|NULL|NULL|NULL|NULL|NULL|NULL|NULL|NULL|NULL|NULL|NULL|NULL|NULL|NULL|NULL|NULL|NULL|NULL|NULL|1|1|N|C|NULL|NULL|43525|43887.637|43585|43556
001400000000000000000029260298|(Unknown Commercial_0029260298)|NULL|NULL|(Unknown Commercial_0029260298)|N|NON-OA|2019-04-30|9892|Corporate Banking 3|CORP|Mid corp|Foods and Beverages|0|NULL|NULL|NULL|NULL|NULL|NULL|NULL|NULL|NULL|NULL|NULL|NULL|NULL|NULL|NULL|NULL|NULL|NULL|NULL|NULL|1|1|N|C|NULL|NULL|43525|43887.637|43585|43556
001400000000000000000029260299|(Unknown Commercial_0029260299)|NULL|NULL|(Unknown Commercial_0029260299)|N|NON-OA|2019-04-30|9129|Corporate Banking 1|CORP|Mid corp|Financial Institutions|0|NULL|NULL|NULL|NULL|NULL|NULL|NULL|NULL|NULL|NULL|NULL|NULL|NULL|NULL|NULL|NULL|NULL|NULL|NULL|NULL|1|1|N|C|NULL|NULL|43525|43887.637|43585|43556
001400000000000000000029260300|(Unknown Commercial_0029260300)|NULL|NULL|(Unknown Commercial_0029260300)|N|NON-OA|2019-04-30|9129|Corporate Banking 1|CORP|Mid corp|Financial Institutions|0|NULL|NULL|NULL|NULL|NULL|NULL|NULL|NULL|NULL|NULL|NULL|NULL|NULL|NULL|NULL|NULL|NULL|NULL|NULL|NULL|1|1|N|C|NULL|NULL|43525|43887.637|43585|43556
001400000000000000000029263503|(Unknown Commercial_0029263503)|NULL|NULL|(Unknown Commercial_0029263503)|N|NON-OA|2019-04-30|9129|Corporate Banking 1|CORP|Mid corp|Financial Institutions|0|NULL|0|NULL|NULL|NULL|NULL|NULL|NULL|NULL|NULL|NULL|NULL|NULL|NULL|NULL|NULL|NULL|NULL|NULL|NULL|1|1|N|C|NULL|NULL|43525|43887.637|43585|43556
001400000000000000000029273202|(Unknown Commercial_0029273202)|NULL|NULL|(Unknown Commercial_0029273202)|N|NON-OA|2019-04-30|9129|Corporate Banking 1|CORP|Mid corp|Financial Institutions|0|NULL|59552.98|NULL|NULL|NULL|NULL|NULL|NULL|NULL|NULL|NULL|NULL|NULL|NULL|NULL|NULL|NULL|NULL|NULL|NULL|1|1|N|C|NULL|NULL|43528|43887.637|43585|43556
001400000000000000000029276171|(Unknown Commercial_0029276171)|NULL|NULL|(Unknown Commercial_0029276171)|N|NON-OA|2019-04-30|9129|Corporate Banking 1|CORP|Mid corp|Financial Institutions|0|NULL|27350.82|NULL|NULL|NULL|NULL|NULL|NULL|NULL|NULL|NULL|NULL|NULL|NULL|NULL|NULL|NULL|NULL|NULL|NULL|1|1|N|C|NULL|NULL|43529|43887.637|43585|43556
001400000000000000000029278702|(Unknown Commercial_0029278702)|NULL|NULL|(Unknown Commercial_0029278702)|N|NON-OA|2019-04-30|9892|Corporate Banking 3|CORP|Mid corp|Agricultural Products & Commodities|0|NULL|NULL|NULL|NULL|NULL|NULL|NULL|NULL|NULL|NULL|NULL|NULL|NULL|NULL|NULL|NULL|NULL|NULL|NULL|NULL|1|1|N|C|NULL|NULL|43529|43887.637|43585|43556
001400000000000000000029278703|(Unknown Commercial_0029278703)|NULL|NULL|(Unknown Commercial_0029278703)|N|NON-OA|2019-04-30|9892|Corporate Banking 3|CORP|Mid corp|Agricultural Products & Commodities|0|NULL|NULL|NULL|NULL|NULL|NULL|NULL|NULL|NULL|NULL|NULL|NULL|NULL|NULL|NULL|NULL|NULL|NULL|NULL|NULL|1|1|N|C|NULL|NULL|43529|43887.637|43585|43556
001400000000000000000029278707|(Unknown Commercial_0029278707)|NULL|NULL|(Unknown Commercial_0029278707)|N|NON-OA|2019-04-30|9129|Corporate Banking 1|CORP|Mid corp|Financial Institutions|0|NULL|NULL|NULL|NULL|NULL|NULL|NULL|NULL|NULL|NULL|NULL|NULL|NULL|NULL|NULL|NULL|NULL|NULL|NULL|NULL|1|1|N|C|NULL|NULL|43529|43887.637|43585|43556
001400000000000000000029282434|(Unknown Commercial_0029282434)|NULL|NULL|(Unknown Commercial_0029282434)|N|NON-OA|2019-04-30|9129|Corporate Banking 1|CORP|Mid corp|Financial Institutions|0|NULL|NULL|NULL|NULL|NULL|NULL|NULL|NULL|NULL|NULL|NULL|NULL|NULL|NULL|NULL|NULL|NULL|NULL|NULL|NULL|1|1|N|C|NULL|NULL|43530|43887.637|43585|43556
001400000000000000000029282435|(Unknown Commercial_0029282435)|NULL|NULL|(Unknown Commercial_0029282435)|N|NON-OA|2019-04-30|9129|Corporate Banking 1|CORP|Mid corp|Financial Institutions|0|NULL|NULL|NULL|NULL|NULL|NULL|NULL|NULL|NULL|NULL|NULL|NULL|NULL|NULL|NULL|NULL|NULL|NULL|NULL|NULL|1|1|N|C|NULL|NULL|43530|43887.637|43585|43556
001400000000000000000029282436|(Unknown Commercial_0029282436)|NULL|NULL|(Unknown Commercial_0029282436)|N|NON-OA|2019-04-30|9129|Corporate Banking 1|CORP|Mid corp|Financial Institutions|0|NULL|NULL|NULL|NULL|NULL|NULL|NULL|NULL|NULL|NULL|NULL|NULL|NULL|NULL|NULL|NULL|NULL|NULL|NULL|NULL|1|1|N|C|NULL|NULL|43530|43887.637|43585|43556
001400000000000000000029282437|(Unknown Commercial_0029282437)|NULL|NULL|(Unknown Commercial_0029282437)|N|NON-OA|2019-04-30|9129|Corporate Banking 1|CORP|Mid corp|Financial Institutions|0|NULL|NULL|NULL|NULL|NULL|NULL|NULL|NULL|NULL|NULL|NULL|NULL|NULL|NULL|NULL|NULL|NULL|NULL|NULL|NULL|1|1|N|C|NULL|NULL|43530|43887.637|43585|43556
001400000000000000000029282438|(Unknown Commercial_0029282438)|NULL|NULL|(Unknown Commercial_0029282438)|N|NON-OA|2019-04-30|9129|Corporate Banking 1|CORP|Mid corp|Financial Institutions|0|NULL|NULL|NULL|NULL|NULL|NULL|NULL|NULL|NULL|NULL|NULL|NULL|NULL|NULL|NULL|NULL|NULL|NULL|NULL|NULL|1|1|N|C|NULL|NULL|43530|43887.637|43585|43556
001400000000000000000029286536|(Unknown Commercial_0029286536)|NULL|NULL|(Unknown Commercial_0029286536)|N|NON-OA|2019-04-30|9129|Corporate Banking 1|CORP|Mid corp|Financial Institutions|0|NULL|NULL|NULL|NULL|NULL|NULL|NULL|NULL|NULL|NULL|NULL|NULL|NULL|NULL|NULL|NULL|NULL|NULL|NULL|NULL|1|1|N|C|NULL|NULL|43531|43887.637|43585|43556
001400000000000000000029289228|(Unknown Commercial_0029289228)|NULL|NULL|(Unknown Commercial_0029289228)|N|NON-OA|2019-04-30|9129|Corporate Banking 1|CORP|Mid corp|Financial Institutions|0|NULL|274685.33|NULL|NULL|NULL|NULL|NULL|NULL|NULL|NULL|NULL|NULL|NULL|NULL|NULL|NULL|NULL|NULL|NULL|NULL|1|1|N|C|NULL|NULL|43532|43887.637|43585|43556
001400000000000000000029290406|(Unknown Commercial_0029290406)|NULL|NULL|(Unknown Commercial_0029290406)|N|NON-OA|2019-04-30|9129|Corporate Banking 1|CORP|Mid corp|Financial Institutions|0|NULL|NULL|NULL|NULL|NULL|NULL|NULL|NULL|NULL|NULL|NULL|NULL|NULL|NULL|NULL|NULL|NULL|NULL|NULL|NULL|1|1|N|C|NULL|NULL|43532|43887.637|43585|43556
001400000000000000000029300090|(Unknown Commercial_0029300090)|NULL|NULL|(Unknown Commercial_0029300090)|N|NON-OA|2019-04-30|9892|Corporate Banking 3|CORP|Mid corp|Real Estate|0|NULL|NULL|NULL|NULL|NULL|NULL|NULL|NULL|NULL|NULL|NULL|NULL|NULL|NULL|NULL|NULL|NULL|NULL|NULL|NULL|1|1|N|C|NULL|NULL|43536|43887.637|43585|43556
001400000000000000000029303350|(Unknown Commercial_0029303350)|NULL|NULL|(Unknown Commercial_0029303350)|N|NON-OA|2019-04-30|9129|Corporate Banking 1|CORP|Mid corp|Financial Institutions|0|NULL|NULL|NULL|NULL|NULL|NULL|NULL|NULL|NULL|NULL|NULL|NULL|NULL|NULL|NULL|NULL|NULL|NULL|NULL|NULL|1|1|N|C|NULL|NULL|43536|43887.637|43585|43556
001400000000000000000029303351|(Unknown Commercial_0029303351)|NULL|NULL|(Unknown Commercial_0029303351)|N|NON-OA|2019-04-30|9129|Corporate Banking 1|CORP|Mid corp|Financial Institutions|0|NULL|NULL|NULL|NULL|NULL|NULL|NULL|NULL|NULL|NULL|NULL|NULL|NULL|NULL|NULL|NULL|NULL|NULL|NULL|NULL|1|1|N|C|NULL|NULL|43536|43887.637|43585|43556
001400000000000000000029305152|(Unknown Commercial_0029305152)|NULL|NULL|(Unknown Commercial_0029305152)|N|NON-OA|2019-04-30|9129|Corporate Banking 1|CORP|Mid corp|Financial Institutions|0|NULL|25083.12|NULL|NULL|NULL|NULL|NULL|NULL|NULL|NULL|NULL|NULL|NULL|NULL|NULL|NULL|NULL|NULL|NULL|NULL|1|1|N|C|NULL|NULL|43537|43887.637|43585|43556
001400000000000000000029307319|(Unknown Commercial_0029307319)|NULL|NULL|(Unknown Commercial_0029307319)|N|NON-OA|2019-04-30|9129|Corporate Banking 1|CORP|Mid corp|Financial Institutions|0|NULL|NULL|NULL|NULL|NULL|NULL|NULL|NULL|NULL|NULL|NULL|NULL|NULL|NULL|NULL|NULL|NULL|NULL|NULL|NULL|1|1|N|C|NULL|NULL|43537|43887.637|43585|43556
001400000000000000000029307320|(Unknown Commercial_0029307320)|NULL|NULL|(Unknown Commercial_0029307320)|N|NON-OA|2019-04-30|9129|Corporate Banking 1|CORP|Mid corp|Financial Institutions|0|NULL|NULL|NULL|NULL|NULL|NULL|NULL|NULL|NULL|NULL|NULL|NULL|NULL|NULL|NULL|NULL|NULL|NULL|NULL|NULL|1|1|N|C|NULL|NULL|43537|43887.637|43585|43556
001400000000000000000029307321|(Unknown Commercial_0029307321)|NULL|NULL|(Unknown Commercial_0029307321)|N|NON-OA|2019-04-30|9129|Corporate Banking 1|CORP|Mid corp|Financial Institutions|0|NULL|NULL|NULL|NULL|NULL|NULL|NULL|NULL|NULL|NULL|NULL|NULL|NULL|NULL|NULL|NULL|NULL|NULL|NULL|NULL|1|1|N|C|NULL|NULL|43537|43887.637|43585|43556
001400000000000000000029307322|(Unknown Commercial_0029307322)|NULL|NULL|(Unknown Commercial_0029307322)|N|NON-OA|2019-04-30|9129|Corporate Banking 1|CORP|Mid corp|Financial Institutions|0|NULL|NULL|NULL|NULL|NULL|NULL|NULL|NULL|NULL|NULL|NULL|NULL|NULL|NULL|NULL|NULL|NULL|NULL|NULL|NULL|1|1|N|C|NULL|NULL|43537|43887.637|43585|43556
001400000000000000000029311219|(Unknown Commercial_0029311219)|NULL|NULL|(Unknown Commercial_0029311219)|N|NON-OA|2019-04-30|9129|Corporate Banking 1|CORP|Mid corp|Financial Institutions|0|NULL|NULL|NULL|NULL|NULL|NULL|NULL|NULL|NULL|NULL|NULL|NULL|NULL|NULL|NULL|NULL|NULL|NULL|NULL|NULL|1|1|N|C|NULL|NULL|43538|43887.637|43585|43556
001400000000000000000029313643|(Unknown Commercial_0029313643)|NULL|NULL|(Unknown Commercial_0029313643)|N|NON-OA|2019-04-30|9129|Corporate Banking 1|CORP|Mid corp|Financial Institutions|0|NULL|192.5|NULL|NULL|NULL|NULL|NULL|NULL|NULL|NULL|NULL|NULL|NULL|NULL|NULL|NULL|NULL|NULL|NULL|NULL|1|1|N|C|NULL|NULL|43539|43887.637|43585|43556
001400000000000000000029315246|(Unknown Commercial_0029315246)|NULL|NULL|(Unknown Commercial_0029315246)|N|NON-OA|2019-04-30|9129|Corporate Banking 1|CORP|Mid corp|Energy|0|NULL|NULL|NULL|NULL|NULL|NULL|NULL|NULL|NULL|NULL|NULL|NULL|NULL|NULL|NULL|NULL|NULL|NULL|NULL|NULL|1|1|N|C|NULL|NULL|43539|43887.637|43585|43556
001400000000000000000029326400|(Unknown Commercial_0029326400)|NULL|NULL|(Unknown Commercial_0029326400)|N|NON-OA|2019-04-30|9129|Corporate Banking 1|CORP|Mid corp|Financial Institutions|0|NULL|40865.33|NULL|NULL|NULL|NULL|NULL|NULL|NULL|NULL|NULL|NULL|NULL|NULL|NULL|NULL|NULL|NULL|NULL|NULL|1|1|N|C|NULL|NULL|43543|43887.637|43585|43556
001400000000000000000029326494|(Unknown Commercial_0029326494)|NULL|NULL|(Unknown Commercial_0029326494)|N|NON-OA|2019-04-30|9129|Corporate Banking 1|CORP|Mid corp|Financial Institutions|0|NULL|7635.36|NULL|NULL|NULL|NULL|NULL|NULL|NULL|NULL|NULL|NULL|NULL|NULL|NULL|NULL|NULL|NULL|NULL|NULL|1|1|N|C|NULL|NULL|43543|43887.637|43585|43556
001400000000000000000029331721|(Unknown Commercial_0029331721)|NULL|NULL|(Unknown Commercial_0029331721)|N|NON-OA|2019-04-30|9129|Corporate Banking 1|CORP|Mid corp|Financial Institutions|0|NULL|NULL|NULL|NULL|NULL|NULL|NULL|NULL|NULL|NULL|NULL|NULL|NULL|NULL|NULL|NULL|NULL|NULL|NULL|NULL|1|1|N|C|NULL|NULL|43544|43887.637|43585|43556
001400000000000000000029331722|(Unknown Commercial_0029331722)|NULL|NULL|(Unknown Commercial_0029331722)|N|NON-OA|2019-04-30|9129|Corporate Banking 1|CORP|Mid corp|Financial Institutions|0|NULL|NULL|NULL|NULL|NULL|NULL|NULL|NULL|NULL|NULL|NULL|NULL|NULL|NULL|NULL|NULL|NULL|NULL|NULL|NULL|1|1|N|C|NULL|NULL|43544|43887.637|43585|43556
001400000000000000000029331723|(Unknown Commercial_0029331723)|NULL|NULL|(Unknown Commercial_0029331723)|N|NON-OA|2019-04-30|9129|Corporate Banking 1|CORP|Mid corp|Financial Institutions|0|NULL|NULL|NULL|NULL|NULL|NULL|NULL|NULL|NULL|NULL|NULL|NULL|NULL|NULL|NULL|NULL|NULL|NULL|NULL|NULL|1|1|N|C|NULL|NULL|43544|43887.637|43585|43556
001400000000000000000029335574|(Unknown Commercial_0029335574)|NULL|NULL|(Unknown Commercial_0029335574)|N|NON-OA|2019-04-30|9129|Corporate Banking 1|CORP|Mid corp|Financial Institutions|0|NULL|NULL|NULL|NULL|NULL|NULL|NULL|NULL|NULL|NULL|NULL|NULL|NULL|NULL|NULL|NULL|NULL|NULL|NULL|NULL|1|1|N|C|NULL|NULL|43545|43887.637|43585|43556
001400000000000000000029337014|(Unknown Commercial_0029337014)|NULL|NULL|(Unknown Commercial_0029337014)|N|NON-OA|2019-04-30|9129|Corporate Banking 1|CORP|Mid corp|Financial Institutions|0|NULL|0|NULL|NULL|NULL|NULL|NULL|NULL|NULL|NULL|NULL|NULL|NULL|NULL|NULL|NULL|NULL|NULL|NULL|NULL|1|1|N|C|NULL|NULL|43546|43887.637|43585|43556
001400000000000000000029350088|(Unknown Commercial_0029350088)|NULL|NULL|(Unknown Commercial_0029350088)|N|NON-OA|2019-04-30|9129|Corporate Banking 1|CORP|Mid corp|Financial Institutions|0|NULL|7829.25|NULL|NULL|NULL|NULL|NULL|NULL|NULL|NULL|NULL|NULL|NULL|NULL|NULL|NULL|NULL|NULL|NULL|NULL|1|1|N|C|NULL|NULL|43550|43887.637|43585|43556
001400000000000000000029351551|(Unknown Commercial_0029351551)|NULL|NULL|(Unknown Commercial_0029351551)|N|NON-OA|2019-04-30|9129|Corporate Banking 1|CORP|Mid corp|Financial Institutions|0|NULL|NULL|NULL|NULL|NULL|NULL|NULL|NULL|NULL|NULL|NULL|NULL|NULL|NULL|NULL|NULL|NULL|NULL|NULL|NULL|1|1|N|C|NULL|NULL|43550|43887.637|43585|43556
001400000000000000000029351552|(Unknown Commercial_0029351552)|NULL|NULL|(Unknown Commercial_0029351552)|N|NON-OA|2019-04-30|9129|Corporate Banking 1|CORP|Mid corp|Financial Institutions|0|NULL|NULL|NULL|NULL|NULL|NULL|NULL|NULL|NULL|NULL|NULL|NULL|NULL|NULL|NULL|NULL|NULL|NULL|NULL|NULL|1|1|N|C|NULL|NULL|43550|43887.637|43585|43556
001400000000000000000029351553|(Unknown Commercial_0029351553)|NULL|NULL|(Unknown Commercial_0029351553)|N|NON-OA|2019-04-30|9129|Corporate Banking 1|CORP|Mid corp|Financial Institutions|0|NULL|NULL|NULL|NULL|NULL|NULL|NULL|NULL|NULL|NULL|NULL|NULL|NULL|NULL|NULL|NULL|NULL|NULL|NULL|NULL|1|1|N|C|NULL|NULL|43550|43887.637|43585|43556
001400000000000000000029351554|(Unknown Commercial_0029351554)|NULL|NULL|(Unknown Commercial_0029351554)|N|NON-OA|2019-04-30|9129|Corporate Banking 1|CORP|Mid corp|Financial Institutions|0|NULL|NULL|NULL|NULL|NULL|NULL|NULL|NULL|NULL|NULL|NULL|NULL|NULL|NULL|NULL|NULL|NULL|NULL|NULL|NULL|1|1|N|C|NULL|NULL|43550|43887.637|43585|43556
001400000000000000000029355563|(Unknown Commercial_0029355563)|NULL|NULL|(Unknown Commercial_0029355563)|N|NULL|NULL|9129|Corporate Banking 1|CORP|Mid corp|Financial Institutions|0|NULL|NULL|NULL|NULL|NULL|NULL|NULL|NULL|NULL|NULL|NULL|NULL|NULL|NULL|NULL|NULL|NULL|NULL|NULL|NULL|1|1|N|C|NULL|NULL|43551|43887.637|43585|43556
001400000000000000000029355564|(Unknown Commercial_0029355564)|NULL|NULL|(Unknown Commercial_0029355564)|N|NON-OA|2019-04-30|9129|Corporate Banking 1|CORP|Mid corp|Financial Institutions|0|NULL|NULL|NULL|NULL|NULL|NULL|NULL|NULL|NULL|NULL|NULL|NULL|NULL|NULL|NULL|NULL|NULL|NULL|NULL|NULL|1|1|N|C|NULL|NULL|43551|43887.637|43585|43556
001400000000000000000029355565|(Unknown Commercial_0029355565)|NULL|NULL|(Unknown Commercial_0029355565)|N|NON-OA|2019-04-30|9129|Corporate Banking 1|CORP|Mid corp|Financial Institutions|0|NULL|NULL|NULL|NULL|NULL|NULL|NULL|NULL|NULL|NULL|NULL|NULL|NULL|NULL|NULL|NULL|NULL|NULL|NULL|NULL|1|1|N|C|NULL|NULL|43551|43887.637|43585|43556
001400000000000000000029355566|(Unknown Commercial_0029355566)|NULL|NULL|(Unknown Commercial_0029355566)|N|NON-OA|2019-04-30|9129|Corporate Banking 1|CORP|Mid corp|Financial Institutions|0|NULL|NULL|NULL|NULL|NULL|NULL|NULL|NULL|NULL|NULL|NULL|NULL|NULL|NULL|NULL|NULL|NULL|NULL|NULL|NULL|1|1|N|C|NULL|NULL|43551|43887.637|43585|43556
001400000000000000000029355567|(Unknown Commercial_0029355567)|NULL|NULL|(Unknown Commercial_0029355567)|N|NON-OA|2019-04-30|9129|Corporate Banking 1|CORP|Mid corp|Financial Institutions|0|NULL|NULL|NULL|NULL|NULL|NULL|NULL|NULL|NULL|NULL|NULL|NULL|NULL|NULL|NULL|NULL|NULL|NULL|NULL|NULL|1|1|N|C|NULL|NULL|43551|43887.637|43585|43556
001400000000000000000029359911|(Unknown Commercial_0029359911)|NULL|NULL|(Unknown Commercial_0029359911)|N|NON-OA|2019-04-30|9129|Corporate Banking 1|CORP|Mid corp|Financial Institutions|0|NULL|NULL|NULL|NULL|NULL|NULL|NULL|NULL|NULL|NULL|NULL|NULL|NULL|NULL|NULL|NULL|NULL|NULL|NULL|NULL|1|1|N|C|NULL|NULL|43552|43887.637|43585|43556
001400000000000000000029359912|(Unknown Commercial_0029359912)|NULL|NULL|(Unknown Commercial_0029359912)|N|NON-OA|2019-04-30|9129|Corporate Banking 1|CORP|Mid corp|Financial Institutions|0|NULL|NULL|NULL|NULL|NULL|NULL|NULL|NULL|NULL|NULL|NULL|NULL|NULL|NULL|NULL|NULL|NULL|NULL|NULL|NULL|1|1|N|C|NULL|NULL|43552|43887.637|43585|43556
001400000000000000000029359913|(Unknown Commercial_0029359913)|NULL|NULL|(Unknown Commercial_0029359913)|N|NON-OA|2019-04-30|9129|Corporate Banking 1|CORP|Mid corp|Financial Institutions|0|NULL|NULL|NULL|NULL|NULL|NULL|NULL|NULL|NULL|NULL|NULL|NULL|NULL|NULL|NULL|NULL|NULL|NULL|NULL|NULL|1|1|N|C|NULL|NULL|43552|43887.637|43585|43556
001400000000000000000029359914|(Unknown Commercial_0029359914)|NULL|NULL|(Unknown Commercial_0029359914)|N|NON-OA|2019-04-30|9129|Corporate Banking 1|CORP|Mid corp|Financial Institutions|0|NULL|NULL|NULL|NULL|NULL|NULL|NULL|NULL|NULL|NULL|NULL|NULL|NULL|NULL|NULL|NULL|NULL|NULL|NULL|NULL|1|1|N|C|NULL|NULL|43552|43887.637|43585|43556
001400000000000000000001814622|(Restricted_0001814622)|NULL|NULL|********** ********** **********|N|NULL|NULL|9130|Corporate Banking 2|CORP|Mid corp|Others|19|NULL|26184.94|NULL|NULL|NULL|NULL|NULL|NULL|NULL|NULL|NULL|NULL|NULL|NULL|NULL|NULL|NULL|NULL|NULL|NULL|1|1|Y|P|N|N|36640|43887.637|43585|43556
001400000000000000000019365171|202 cQyZdbj|Active||123 เซอร์วิส|Y|OA|2019-04-30|9607|Corporate Banking 4|CORP|Mid corp|Others|8|9|339746.45|NULL|146298868|146298868|2018|2018|38381263|38381263|2018|2018|107107882|107107882|2018|2018|111479177.0967|26879673.48|72583553.2967|12793754.3333|35702627.3333|1|1|Y|C|N|N|40729|43887.637|43585|43556
001400000000000000000000050268|(Restricted_0000050268)|NULL|NULL|(Restricted_0000050268)|N|NULL|NULL|9817|Upcountry Division|SME|SME|Others|19|NULL|544395.66|NULL|NULL|NULL|NULL|NULL|NULL|NULL|NULL|NULL|NULL|NULL|NULL|NULL|NULL|NULL|NULL|NULL|NULL|1|1|Y|P|N|N|4/6/2000|2/26/2020 15:17|4/30/2019|4/1/2019
001400000000000000000000050333|(Restricted_0000050333)|NULL|NULL|(Restricted_0000050333)|N|NULL|NULL|9685|SME Relationship Management & New Business Upcountry 1 Division|SME|SME|Others|19|NULL|8738.02|NULL|NULL|NULL|NULL|NULL|NULL|NULL|NULL|NULL|NULL|NULL|NULL|NULL|NULL|NULL|NULL|NULL|NULL|1|1|Y|P|N|N|4/6/2000|2/26/2020 15:17|4/30/2019|4/1/2019
001400000000000000000000056378|(Restricted_0000056378)|NULL|NULL|(Restricted_0000056378)|N|NULL|NULL|9817|Upcountry Division|SME|SME|Others|19|NULL|31146.46|NULL|NULL|NULL|NULL|NULL|NULL|NULL|NULL|NULL|NULL|NULL|NULL|NULL|NULL|NULL|NULL|NULL|NULL|1|1|Y|P|N|N|4/6/2000|2/26/2020 15:17|4/30/2019|4/1/2019
001400000000000000000000080861|(Restricted_0000080861)|NULL|NULL|(Restricted_0000080861)|N|NULL|NULL|9817|Upcountry Division|SME|SME|Others|19|NULL|584285.06|NULL|NULL|NULL|NULL|NULL|NULL|NULL|NULL|NULL|NULL|NULL|NULL|NULL|NULL|NULL|NULL|NULL|NULL|1|1|Y|P|N|N|4/6/2000|2/26/2020 15:17|4/30/2019|4/1/2019
001400000000000000000000147726|(Restricted_0000147726)|NULL|NULL|(Restricted_0000147726)|N|NULL|NULL|9817|Upcountry Division|SME|SME|Others|19|NULL|782.45|NULL|NULL|NULL|NULL|NULL|NULL|NULL|NULL|NULL|NULL|NULL|NULL|NULL|NULL|NULL|NULL|NULL|NULL|1|1|Y|P|N|N|4/6/2000|2/26/2020 15:17|4/30/2019|4/1/2019
001400000000000000000000207746|(Restricted_0000207746)|NULL|NULL|(Restricted_0000207746)|N|NULL|NULL|9817|Upcountry Division|SME|SME|Others|19|NULL|1531.98|NULL|NULL|NULL|NULL|NULL|NULL|NULL|NULL|NULL|NULL|NULL|NULL|NULL|NULL|NULL|NULL|NULL|NULL|1|1|Y|P|N|N|4/6/2000|2/26/2020 15:17|4/30/2019|4/1/2019
001400000000000000000000214302|(Restricted_0000214302)|NULL|NULL|(Restricted_0000214302)|N|NULL|NULL|9679|SME Relationship Management & New Business Upcountry 2 Division|SME|SME|Others|19|NULL|140730.11|NULL|NULL|NULL|NULL|NULL|NULL|NULL|NULL|NULL|NULL|NULL|NULL|NULL|NULL|NULL|NULL|NULL|NULL|1|1|Y|P|N|N|4/6/2000|2/26/2020 15:17|4/30/2019|4/1/2019
001400000000000000000000270011|(Restricted_0000270011)|NULL|NULL|(Restricted_0000270011)|N|NULL|NULL|9817|Upcountry Division|SME|SME|Others|19|NULL|1168.39|NULL|NULL|NULL|NULL|NULL|NULL|NULL|NULL|NULL|NULL|NULL|NULL|NULL|NULL|NULL|NULL|NULL|NULL|1|1|Y|P|N|N|4/6/2000|2/26/2020 15:17|4/30/2019|4/1/2019
001400000000000000000000275826|(Restricted_0000275826)|NULL|NULL|(Restricted_0000275826)|N|NULL|NULL|9817|Upcountry Division|SME|SME|Others|19|NULL|118438.99|NULL|NULL|NULL|NULL|NULL|NULL|NULL|NULL|NULL|NULL|NULL|NULL|NULL|NULL|NULL|NULL|NULL|NULL|1|1|Y|P|N|N|4/6/2000|2/26/2020 15:17|4/30/2019|4/1/2019
001400000000000000000000291422|(Restricted_0000291422)|NULL|NULL|(Restricted_0000291422)|N|NULL|NULL|9816|Bangkok Division|SME|SME|Others|19|NULL|14509.9|NULL|NULL|NULL|NULL|NULL|NULL|NULL|NULL|NULL|NULL|NULL|NULL|NULL|NULL|NULL|NULL|NULL|NULL|1|1|Y|P|N|N|4/6/2000|2/26/2020 15:17|4/30/2019|4/1/2019
001400000000000000000000310575|(Restricted_0000310575)|NULL|NULL|(Restricted_0000310575)|N|NULL|NULL|9817|Upcountry Division|SME|SME|Others|19|NULL|14271.68|NULL|NULL|NULL|NULL|NULL|NULL|NULL|NULL|NULL|NULL|NULL|NULL|NULL|NULL|NULL|NULL|NULL|NULL|1|1|Y|P|N|N|4/7/2000|2/26/2020 15:17|4/30/2019|4/1/2019
001400000000000000000000324838|(Restricted_0000324838)|NULL|NULL|(Restricted_0000324838)|N|NULL|NULL|9679|SME Relationship Management & New Business Upcountry 2 Division|SME|SME|Others|19|NULL|3.06|NULL|NULL|NULL|NULL|NULL|NULL|NULL|NULL|NULL|NULL|NULL|NULL|NULL|NULL|NULL|NULL|NULL|NULL|1|1|Y|P|N|N|4/7/2000|2/26/2020 15:17|4/30/2019|4/1/2019
001400000000000000000000354857|(Restricted_0000354857)|NULL|NULL|(Restricted_0000354857)|N|NULL|NULL|9679|SME Relationship Management & New Business Upcountry 2 Division|SME|SME|Others|19|NULL|23552.03|NULL|NULL|NULL|NULL|NULL|NULL|NULL|NULL|NULL|NULL|NULL|NULL|NULL|NULL|NULL|NULL|NULL|NULL|1|1|Y|P|N|N|4/7/2000|2/26/2020 15:17|4/30/2019|4/1/2019
001400000000000000000000370490|(Restricted_0000370490)|NULL|NULL|(Restricted_0000370490)|N|NULL|NULL|9817|Upcountry Division|SME|SME|Others|19|NULL|126279.39|NULL|NULL|NULL|NULL|NULL|NULL|NULL|NULL|NULL|NULL|NULL|NULL|NULL|NULL|NULL|NULL|NULL|NULL|1|1|Y|P|N|N|4/7/2000|2/26/2020 15:17|4/30/2019|4/1/2019
001400000000000000000000414496|(Restricted_0000414496)|NULL|NULL|(Restricted_0000414496)|N|NULL|NULL|9679|SME Relationship Management & New Business Upcountry 2 Division|SME|SME|Others|19|NULL|12193.8|NULL|NULL|NULL|NULL|NULL|NULL|NULL|NULL|NULL|NULL|NULL|NULL|NULL|NULL|NULL|NULL|NULL|NULL|1|1|Y|P|N|N|4/7/2000|2/26/2020 15:17|4/30/2019|4/1/2019
001400000000000000000000485992|(Restricted_0000485992)|NULL|NULL|(Restricted_0000485992)|N|NULL|NULL|9817|Upcountry Division|SME|SME|Others|19|NULL|190962.45|NULL|NULL|NULL|NULL|NULL|NULL|NULL|NULL|NULL|NULL|NULL|NULL|NULL|NULL|NULL|NULL|NULL|NULL|1|1|Y|P|N|N|4/7/2000|2/26/2020 15:17|4/30/2019|4/1/2019
001400000000000000000000500852|(Restricted_0000500852)|NULL|NULL|(Restricted_0000500852)|N|NULL|NULL|9817|Upcountry Division|SME|SME|Others|19|NULL|118599.66|NULL|NULL|NULL|NULL|NULL|NULL|NULL|NULL|NULL|NULL|NULL|NULL|NULL|NULL|NULL|NULL|NULL|NULL|1|1|Y|P|N|N|4/8/2000|2/26/2020 15:17|4/30/2019|4/1/2019
001400000000000000000000506641|(Restricted_0000506641)|NULL|NULL|(Restricted_0000506641)|N|NULL|NULL|9679|SME Relationship Management & New Business Upcountry 2 Division|SME|SME|Others|19|NULL|86675.22|NULL|NULL|NULL|NULL|NULL|NULL|NULL|NULL|NULL|NULL|NULL|NULL|NULL|NULL|NULL|NULL|NULL|NULL|1|1|Y|P|N|N|4/8/2000|2/26/2020 15:17|4/30/2019|4/1/2019
001400000000000000000000509664|(Restricted_0000509664)|NULL|NULL|(Restricted_0000509664)|N|NULL|NULL|9679|SME Relationship Management & New Business Upcountry 2 Division|SME|SME|Others|19|NULL|142528.95|NULL|NULL|NULL|NULL|NULL|NULL|NULL|NULL|NULL|NULL|NULL|NULL|NULL|NULL|NULL|NULL|NULL|NULL|1|1|Y|P|N|N|4/8/2000|2/26/2020 15:17|4/30/2019|4/1/2019
001400000000000000000000537525|(Restricted_0000537525)|NULL|NULL|(Restricted_0000537525)|N|NULL|NULL|9685|SME Relationship Management & New Business Upcountry 1 Division|SME|SME|Others|19|NULL|6601.19|NULL|NULL|NULL|NULL|NULL|NULL|NULL|NULL|NULL|NULL|NULL|NULL|NULL|NULL|NULL|NULL|NULL|NULL|1|1|Y|P|N|N|4/8/2000|2/26/2020 15:17|4/30/2019|4/1/2019
001400000000000000000000541610|(Restricted_0000541610)|NULL|NULL|(Restricted_0000541610)|N|NULL|NULL|9679|SME Relationship Management & New Business Upcountry 2 Division|SME|SME|Others|19|NULL|11112.35|NULL|NULL|NULL|NULL|NULL|NULL|NULL|NULL|NULL|NULL|NULL|NULL|NULL|NULL|NULL|NULL|NULL|NULL|1|1|Y|P|N|N|4/8/2000|2/26/2020 15:17|4/30/2019|4/1/2019
001400000000000000000000543860|(Restricted_0000543860)|NULL|NULL|(Restricted_0000543860)|N|NULL|NULL|9171|SME Business Center Bangkok Division|SME|SME|Others|19|NULL|21965.09|NULL|NULL|NULL|NULL|NULL|NULL|NULL|NULL|NULL|NULL|NULL|NULL|NULL|NULL|NULL|NULL|NULL|NULL|1|1|Y|P|N|N|4/8/2000|2/26/2020 15:17|4/30/2019|4/1/2019
001400000000000000000000544960|(Restricted_0000544960)|NULL|NULL|(Restricted_0000544960)|N|NULL|NULL|9817|Upcountry Division|SME|SME|Others|19|NULL|35250.82|NULL|NULL|NULL|NULL|NULL|NULL|NULL|NULL|NULL|NULL|NULL|NULL|NULL|NULL|NULL|NULL|NULL|NULL|1|1|Y|P|N|N|4/8/2000|2/26/2020 15:17|4/30/2019|4/1/2019
001400000000000000000000576033|(Restricted_0000576033)|NULL|NULL|(Restricted_0000576033)|N|NULL|NULL|9817|Upcountry Division|SME|SME|Others|19|NULL|3800.52|NULL|NULL|NULL|NULL|NULL|NULL|NULL|NULL|NULL|NULL|NULL|NULL|NULL|NULL|NULL|NULL|NULL|NULL|1|1|Y|P|N|N|4/10/2000|2/26/2020 15:17|4/30/2019|4/1/2019
001400000000000000000000595308|(Restricted_0000595308)|NULL|NULL|(Restricted_0000595308)|N|NULL|NULL|9685|SME Relationship Management & New Business Upcountry 1 Division|SME|SME|Others|19|NULL|55050.96|NULL|NULL|NULL|NULL|NULL|NULL|NULL|NULL|NULL|NULL|NULL|NULL|NULL|NULL|NULL|NULL|NULL|NULL|1|1|Y|P|N|N|4/11/2000|2/26/2020 15:17|4/30/2019|4/1/2019
001400000000000000000000608377|(Restricted_0000608377)|NULL|NULL|(Restricted_0000608377)|N|NULL|NULL|9670|SME Relationship Management Bangkok 1 Division|SME|SME|Others|19|NULL|620146.01|NULL|NULL|NULL|NULL|NULL|NULL|NULL|NULL|NULL|NULL|NULL|NULL|NULL|NULL|NULL|NULL|NULL|NULL|1|1|Y|P|N|N|4/11/2000|2/26/2020 15:17|4/30/2019|4/1/2019
001400000000000000000000619271|(Restricted_0000619271)|NULL|NULL|(Restricted_0000619271)|N|NULL|NULL|9678|SME Relationship Management & New Business Upcountry 3 Division|SME|SME|Others|19|NULL|36478.6|NULL|NULL|NULL|NULL|NULL|NULL|NULL|NULL|NULL|NULL|NULL|NULL|NULL|NULL|NULL|NULL|NULL|NULL|1|1|Y|P|N|N|4/11/2000|2/26/2020 15:17|4/30/2019|4/1/2019
001400000000000000000000623254|(Restricted_0000623254)|NULL|NULL|(Restricted_0000623254)|N|NULL|NULL|9678|SME Relationship Management & New Business Upcountry 3 Division|SME|SME|Others|19|NULL|61.08|NULL|NULL|NULL|NULL|NULL|NULL|NULL|NULL|NULL|NULL|NULL|NULL|NULL|NULL|NULL|NULL|NULL|NULL|1|1|Y|P|N|N|4/11/2000|2/26/2020 15:17|4/30/2019|4/1/2019
001400000000000000000000655301|(Restricted_0000655301)|NULL|NULL|(Restricted_0000655301)|N|NULL|NULL|9817|Upcountry Division|SME|SME|Others|19|NULL|77367.52|NULL|NULL|NULL|NULL|NULL|NULL|NULL|NULL|NULL|NULL|NULL|NULL|NULL|NULL|NULL|NULL|NULL|NULL|1|1|Y|P|N|N|4/11/2000|2/26/2020 15:17|4/30/2019|4/1/2019
001400000000000000000000664140|(Restricted_0000664140)|NULL|NULL|(Restricted_0000664140)|N|NULL|NULL|9679|SME Relationship Management & New Business Upcountry 2 Division|SME|SME|Others|19|NULL|870996.75|NULL|NULL|NULL|NULL|NULL|NULL|NULL|NULL|NULL|NULL|NULL|NULL|NULL|NULL|NULL|NULL|NULL|NULL|1|1|Y|P|N|N|4/11/2000|2/26/2020 15:17|4/30/2019|4/1/2019
001400000000000000000000697418|(Restricted_0000697418)|NULL|NULL|(Restricted_0000697418)|N|NULL|NULL|9679|SME Relationship Management & New Business Upcountry 2 Division|SME|SME|Others|19|NULL|6069.14|NULL|NULL|NULL|NULL|NULL|NULL|NULL|NULL|NULL|NULL|NULL|NULL|NULL|NULL|NULL|NULL|NULL|NULL|1|1|Y|P|N|N|4/11/2000|2/26/2020 15:17|4/30/2019|4/1/2019
001400000000000000000000715366|(Restricted_0000715366)|NULL|NULL|(Restricted_0000715366)|N|NULL|NULL|9817|Upcountry Division|SME|SME|Others|19|NULL|160859.09|NULL|NULL|NULL|NULL|NULL|NULL|NULL|NULL|NULL|NULL|NULL|NULL|NULL|NULL|NULL|NULL|NULL|NULL|1|1|Y|P|N|N|4/11/2000|2/26/2020 15:17|4/30/2019|4/1/2019
001400000000000000000000769662|(Restricted_0000769662)|NULL|NULL|(Restricted_0000769662)|N|NULL|NULL|9816|Bangkok Division|SME|SME|Others|19|NULL|1477.41|NULL|NULL|NULL|NULL|NULL|NULL|NULL|NULL|NULL|NULL|NULL|NULL|NULL|NULL|NULL|NULL|NULL|NULL|1|1|Y|P|N|N|4/12/2000|2/26/2020 15:17|4/30/2019|4/1/2019
001400000000000000000000773504|(Restricted_0000773504)|NULL|NULL|(Restricted_0000773504)|N|NULL|NULL|9679|SME Relationship Management & New Business Upcountry 2 Division|SME|SME|Others|19|NULL|2082.87|NULL|NULL|NULL|NULL|NULL|NULL|NULL|NULL|NULL|NULL|NULL|NULL|NULL|NULL|NULL|NULL|NULL|NULL|1|1|Y|P|N|N|4/16/2000|2/26/2020 15:17|4/30/2019|4/1/2019
001400000000000000000000776961|(Restricted_0000776961)|NULL|NULL|(Restricted_0000776961)|N|NULL|NULL|9679|SME Relationship Management & New Business Upcountry 2 Division|SME|SME|Others|19|NULL|22526.48|NULL|NULL|NULL|NULL|NULL|NULL|NULL|NULL|NULL|NULL|NULL|NULL|NULL|NULL|NULL|NULL|NULL|NULL|1|1|Y|P|N|N|4/16/2000|2/26/2020 15:17|4/30/2019|4/1/2019
001400000000000000000000787560|(Restricted_0000787560)|NULL|NULL|(Restricted_0000787560)|N|NULL|NULL|9679|SME Relationship Management & New Business Upcountry 2 Division|SME|SME|Others|19|NULL|96786.83|NULL|NULL|NULL|NULL|NULL|NULL|NULL|NULL|NULL|NULL|NULL|NULL|NULL|NULL|NULL|NULL|NULL|NULL|1|1|Y|P|N|N|4/16/2000|2/26/2020 15:17|4/30/2019|4/1/2019
001400000000000000000000910303|(Restricted_0000910303)|NULL|NULL|(Restricted_0000910303)|N|NULL|NULL|9675|SME Relationship Management Bangkok 2 Division|SME|SME|Others|19|NULL|118552.13|NULL|NULL|NULL|NULL|NULL|NULL|NULL|NULL|NULL|NULL|NULL|NULL|NULL|NULL|NULL|NULL|NULL|NULL|1|1|Y|P|N|N|4/17/2000|2/26/2020 15:17|4/30/2019|4/1/2019
001400000000000000000000917165|(Restricted_0000917165)|NULL|NULL|(Restricted_0000917165)|N|NULL|NULL|9817|Upcountry Division|SME|SME|Others|19|NULL|93827.76|NULL|NULL|NULL|NULL|NULL|NULL|NULL|NULL|NULL|NULL|NULL|NULL|NULL|NULL|NULL|NULL|NULL|NULL|1|1|Y|P|N|N|4/17/2000|2/26/2020 15:17|4/30/2019|4/1/2019
001400000000000000000000933614|(Restricted_0000933614)|NULL|NULL|(Restricted_0000933614)|N|NULL|NULL|9817|Upcountry Division|SME|SME|Others|19|NULL|5401.67|NULL|NULL|NULL|NULL|NULL|NULL|NULL|NULL|NULL|NULL|NULL|NULL|NULL|NULL|NULL|NULL|NULL|NULL|1|1|Y|P|N|N|4/17/2000|2/26/2020 15:17|4/30/2019|4/1/2019
001400000000000000000000982127|(Restricted_0000982127)|NULL|NULL|(Restricted_0000982127)|N|NULL|NULL|9817|Upcountry Division|SME|SME|Others|19|NULL|436326.22|NULL|NULL|NULL|NULL|NULL|NULL|NULL|NULL|NULL|NULL|NULL|NULL|NULL|NULL|NULL|NULL|NULL|NULL|1|1|Y|P|N|N|4/17/2000|2/26/2020 15:17|4/30/2019|4/1/2019
001400000000000000000000996452|(Restricted_0000996452)|NULL|NULL|(Restricted_0000996452)|N|NULL|NULL|9816|Bangkok Division|SME|SME|Others|19|NULL|22939.77|NULL|NULL|NULL|NULL|NULL|NULL|NULL|NULL|NULL|NULL|NULL|NULL|NULL|NULL|NULL|NULL|NULL|NULL|1|1|Y|P|N|N|4/17/2000|2/26/2020 15:17|4/30/2019|4/1/2019
001400000000000000000001044336|(Restricted_0001044336)|NULL|NULL|(Restricted_0001044336)|N|NULL|NULL|9817|Upcountry Division|SME|SME|Others|19|NULL|43638.51|NULL|NULL|NULL|NULL|NULL|NULL|NULL|NULL|NULL|NULL|NULL|NULL|NULL|NULL|NULL|NULL|NULL|NULL|1|1|Y|P|N|N|4/19/2000|2/26/2020 15:17|4/30/2019|4/1/2019
001400000000000000000001120101|(Restricted_0001120101)|NULL|NULL|(Restricted_0001120101)|N|NULL|NULL|9817|Upcountry Division|SME|SME|Others|19|NULL|125368.79|NULL|NULL|NULL|NULL|NULL|NULL|NULL|NULL|NULL|NULL|NULL|NULL|NULL|NULL|NULL|NULL|NULL|NULL|1|1|Y|P|N|N|4/19/2000|2/26/2020 15:17|4/30/2019|4/1/2019
001400000000000000000001132790|(Restricted_0001132790)|NULL|NULL|(Restricted_0001132790)|N|NULL|NULL|9685|SME Relationship Management & New Business Upcountry 1 Division|SME|SME|Others|19|NULL|854719.24|NULL|NULL|NULL|NULL|NULL|NULL|NULL|NULL|NULL|NULL|NULL|NULL|NULL|NULL|NULL|NULL|NULL|NULL|1|1|Y|P|N|N|4/19/2000|2/26/2020 15:17|4/30/2019|4/1/2019
001400000000000000000001148850|(Restricted_0001148850)|NULL|NULL|(Restricted_0001148850)|N|NULL|NULL|9817|Upcountry Division|SME|SME|Others|19|NULL|552.29|NULL|NULL|NULL|NULL|NULL|NULL|NULL|NULL|NULL|NULL|NULL|NULL|NULL|NULL|NULL|NULL|NULL|NULL|1|1|Y|P|N|N|4/19/2000|2/26/2020 15:17|4/30/2019|4/1/2019
001400000000000000000001151664|(Restricted_0001151664)|NULL|NULL|(Restricted_0001151664)|N|NULL|NULL|9817|Upcountry Division|SME|SME|Others|19|NULL|11909.91|NULL|NULL|NULL|NULL|NULL|NULL|NULL|NULL|NULL|NULL|NULL|NULL|NULL|NULL|NULL|NULL|NULL|NULL|1|1|Y|P|N|N|4/19/2000|2/26/2020 15:17|4/30/2019|4/1/2019
001400000000000000000001254520|(Restricted_0001254520)|NULL|NULL|(Restricted_0001254520)|N|NULL|NULL|9679|SME Relationship Management & New Business Upcountry 2 Division|SME|SME|Others|19|NULL|20560.55|NULL|NULL|NULL|NULL|NULL|NULL|NULL|NULL|NULL|NULL|NULL|NULL|NULL|NULL|NULL|NULL|NULL|NULL|1|1|Y|P|N|N|4/19/2000|2/26/2020 15:17|4/30/2019|4/1/2019
001400000000000000000001272941|(Restricted_0001272941)|NULL|NULL|(Restricted_0001272941)|N|NULL|NULL|9685|SME Relationship Management & New Business Upcountry 1 Division|SME|SME|Others|19|NULL|44086.02|NULL|NULL|NULL|NULL|NULL|NULL|NULL|NULL|NULL|NULL|NULL|NULL|NULL|NULL|NULL|NULL|NULL|NULL|1|1|Y|P|N|N|4/19/2000|2/26/2020 15:17|4/30/2019|4/1/2019
001400000000000000000001369841|(Restricted_0001369841)|NULL|NULL|(Restricted_0001369841)|N|NULL|NULL|9678|SME Relationship Management & New Business Upcountry 3 Division|SME|SME|Others|19|NULL|1448.66|NULL|NULL|NULL|NULL|NULL|NULL|NULL|NULL|NULL|NULL|NULL|NULL|NULL|NULL|NULL|NULL|NULL|NULL|1|1|Y|P|N|N|4/20/2000|2/26/2020 15:17|4/30/2019|4/1/2019
001400000000000000000001413294|(Restricted_0001413294)|NULL|NULL|(Restricted_0001413294)|N|NULL|NULL|9679|SME Relationship Management & New Business Upcountry 2 Division|SME|SME|Others|19|NULL|17146.04|NULL|NULL|NULL|NULL|NULL|NULL|NULL|NULL|NULL|NULL|NULL|NULL|NULL|NULL|NULL|NULL|NULL|NULL|1|1|Y|P|N|N|4/20/2000|2/26/2020 15:17|4/30/2019|4/1/2019
001400000000000000000001441024|(Restricted_0001441024)|NULL|NULL|(Restricted_0001441024)|N|NULL|NULL|9171|SME Business Center Bangkok Division|SME|SME|Others|19|NULL|37675.38|NULL|NULL|NULL|NULL|NULL|NULL|NULL|NULL|NULL|NULL|NULL|NULL|NULL|NULL|NULL|NULL|NULL|NULL|1|1|Y|P|N|N|4/20/2000|2/26/2020 15:17|4/30/2019|4/1/2019
001400000000000000000001449519|(Restricted_0001449519)|NULL|NULL|(Restricted_0001449519)|N|NULL|NULL|9817|Upcountry Division|SME|SME|Others|19|NULL|15257.77|NULL|NULL|NULL|NULL|NULL|NULL|NULL|NULL|NULL|NULL|NULL|NULL|NULL|NULL|NULL|NULL|NULL|NULL|1|1|Y|P|N|N|4/20/2000|2/26/2020 15:17|4/30/2019|4/1/2019
001400000000000000000001453220|(Restricted_0001453220)|NULL|NULL|(Restricted_0001453220)|N|NULL|NULL|9817|Upcountry Division|SME|SME|Others|19|NULL|556431.43|NULL|NULL|NULL|NULL|NULL|NULL|NULL|NULL|NULL|NULL|NULL|NULL|NULL|NULL|NULL|NULL|NULL|NULL|1|1|Y|P|N|N|4/20/2000|2/26/2020 15:17|4/30/2019|4/1/2019
001400000000000000000001455188|(Restricted_0001455188)|NULL|NULL|(Restricted_0001455188)|N|NULL|NULL|9816|Bangkok Division|SME|SME|Others|19|NULL|8906599.76|NULL|NULL|NULL|NULL|NULL|NULL|NULL|NULL|NULL|NULL|NULL|NULL|NULL|NULL|NULL|NULL|NULL|NULL|1|1|Y|P|N|N|4/20/2000|2/26/2020 15:17|4/30/2019|4/1/2019
001400000000000000000001456784|(Restricted_0001456784)|NULL|NULL|(Restricted_0001456784)|N|NULL|NULL|9816|Bangkok Division|SME|SME|Others|19|NULL|161362.8|NULL|NULL|NULL|NULL|NULL|NULL|NULL|NULL|NULL|NULL|NULL|NULL|NULL|NULL|NULL|NULL|NULL|NULL|1|1|Y|P|N|N|4/20/2000|2/26/2020 15:17|4/30/2019|4/1/2019
001400000000000000000001479276|(Restricted_0001479276)|NULL|NULL|(Restricted_0001479276)|N|NULL|NULL|9817|Upcountry Division|SME|SME|Others|19|NULL|1302487.45|NULL|NULL|NULL|NULL|NULL|NULL|NULL|NULL|NULL|NULL|NULL|NULL|NULL|NULL|NULL|NULL|NULL|NULL|1|1|Y|P|N|N|4/20/2000|2/26/2020 15:17|4/30/2019|4/1/2019
001400000000000000000001480083|(Restricted_0001480083)|NULL|NULL|(Restricted_0001480083)|N|NULL|NULL|9679|SME Relationship Management & New Business Upcountry 2 Division|SME|SME|Others|19|NULL|14083.45|NULL|NULL|NULL|NULL|NULL|NULL|NULL|NULL|NULL|NULL|NULL|NULL|NULL|NULL|NULL|NULL|NULL|NULL|1|1|Y|P|N|N|4/20/2000|2/26/2020 15:17|4/30/2019|4/1/2019
001400000000000000000001482230|(Restricted_0001482230)|NULL|NULL|(Restricted_0001482230)|N|NULL|NULL|9678|SME Relationship Management & New Business Upcountry 3 Division|SME|SME|Others|19|NULL|3067.56|NULL|NULL|NULL|NULL|NULL|NULL|NULL|NULL|NULL|NULL|NULL|NULL|NULL|NULL|NULL|NULL|NULL|NULL|1|1|Y|P|N|N|4/20/2000|2/26/2020 15:17|4/30/2019|4/1/2019
001400000000000000000001492501|(Restricted_0001492501)|NULL|NULL|(Restricted_0001492501)|N|NULL|NULL|9678|SME Relationship Management & New Business Upcountry 3 Division|SME|SME|Others|19|NULL|3138.62|NULL|NULL|NULL|NULL|NULL|NULL|NULL|NULL|NULL|NULL|NULL|NULL|NULL|NULL|NULL|NULL|NULL|NULL|1|1|Y|P|N|N|4/20/2000|2/26/2020 15:17|4/30/2019|4/1/2019
001400000000000000000001495413|(Restricted_0001495413)|NULL|NULL|(Restricted_0001495413)|N|NULL|NULL|9685|SME Relationship Management & New Business Upcountry 1 Division|SME|SME|Others|19|NULL|14812.83|NULL|NULL|NULL|NULL|NULL|NULL|NULL|NULL|NULL|NULL|NULL|NULL|NULL|NULL|NULL|NULL|NULL|NULL|1|1|Y|P|N|N|4/20/2000|2/26/2020 15:17|4/30/2019|4/1/2019
001400000000000000000001560897|(Restricted_0001560897)|NULL|NULL|(Restricted_0001560897)|N|NULL|NULL|9685|SME Relationship Management & New Business Upcountry 1 Division|SME|SME|Others|19|NULL|44981.79|NULL|NULL|NULL|NULL|NULL|NULL|NULL|NULL|NULL|NULL|NULL|NULL|NULL|NULL|NULL|NULL|NULL|NULL|1|1|Y|P|N|N|4/20/2000|2/26/2020 15:17|4/30/2019|4/1/2019
001400000000000000000001579665|(Restricted_0001579665)|NULL|NULL|(Restricted_0001579665)|N|NULL|NULL|9678|SME Relationship Management & New Business Upcountry 3 Division|SME|SME|Others|19|NULL|1913198.03|NULL|NULL|NULL|NULL|NULL|NULL|NULL|NULL|NULL|NULL|NULL|NULL|NULL|NULL|NULL|NULL|NULL|NULL|1|1|Y|P|N|N|4/21/2000|2/26/2020 15:17|4/30/2019|4/1/2019
001400000000000000000001603223|(Restricted_0001603223)|NULL|NULL|(Restricted_0001603223)|N|NULL|NULL|9817|Upcountry Division|SME|SME|Others|19|NULL|36339.11|NULL|NULL|NULL|NULL|NULL|NULL|NULL|NULL|NULL|NULL|NULL|NULL|NULL|NULL|NULL|NULL|NULL|NULL|1|1|Y|P|N|N|4/21/2000|2/26/2020 15:17|4/30/2019|4/1/2019
001400000000000000000001691779|(Restricted_0001691779)|NULL|NULL|(Restricted_0001691779)|N|NULL|NULL|9817|Upcountry Division|SME|SME|Others|19|NULL|55633.88|NULL|NULL|NULL|NULL|NULL|NULL|NULL|NULL|NULL|NULL|NULL|NULL|NULL|NULL|NULL|NULL|NULL|NULL|1|1|Y|P|N|N|4/21/2000|2/26/2020 15:17|4/30/2019|4/1/2019
001400000000000000000001707388|(Restricted_0001707388)|NULL|NULL|(Restricted_0001707388)|N|NULL|NULL|9678|SME Relationship Management & New Business Upcountry 3 Division|SME|SME|Others|19|NULL|30122.18|NULL|NULL|NULL|NULL|NULL|NULL|NULL|NULL|NULL|NULL|NULL|NULL|NULL|NULL|NULL|NULL|NULL|NULL|1|1|Y|P|N|N|4/21/2000|2/26/2020 15:17|4/30/2019|4/1/2019
001400000000000000000001720276|(Restricted_0001720276)|NULL|NULL|(Restricted_0001720276)|N|NULL|NULL|9685|SME Relationship Management & New Business Upcountry 1 Division|SME|SME|Others|19|NULL|27723.81|NULL|NULL|NULL|NULL|NULL|NULL|NULL|NULL|NULL|NULL|NULL|NULL|NULL|NULL|NULL|NULL|NULL|NULL|1|1|Y|P|N|N|4/21/2000|2/26/2020 15:17|4/30/2019|4/1/2019
001400000000000000000001721561|(Restricted_0001721561)|NULL|NULL|(Restricted_0001721561)|N|NULL|NULL|9675|SME Relationship Management Bangkok 2 Division|SME|SME|Others|19|NULL|157298.73|NULL|NULL|NULL|NULL|NULL|NULL|NULL|NULL|NULL|NULL|NULL|NULL|NULL|NULL|NULL|NULL|NULL|NULL|1|1|Y|P|N|N|4/21/2000|2/26/2020 15:17|4/30/2019|4/1/2019
001400000000000000000001777424|(Restricted_0001777424)|NULL|NULL|(Restricted_0001777424)|N|NULL|NULL|9817|Upcountry Division|SME|SME|Others|19|NULL|124702.7|NULL|NULL|NULL|NULL|NULL|NULL|NULL|NULL|NULL|NULL|NULL|NULL|NULL|NULL|NULL|NULL|NULL|NULL|1|1|Y|P|N|N|4/24/2000|2/26/2020 15:17|4/30/2019|4/1/2019
001400000000000000000001777679|(Restricted_0001777679)|NULL|NULL|(Restricted_0001777679)|N|NULL|NULL|9817|Upcountry Division|SME|SME|Others|19|NULL|52624.23|NULL|NULL|NULL|NULL|NULL|NULL|NULL|NULL|NULL|NULL|NULL|NULL|NULL|NULL|NULL|NULL|NULL|NULL|1|1|Y|P|N|N|4/24/2000|2/26/2020 15:17|4/30/2019|4/1/2019
001400000000000000000001777837|(Restricted_0001777837)|NULL|NULL|(Restricted_0001777837)|N|NULL|NULL|9817|Upcountry Division|SME|SME|Others|19|NULL|198697.99|NULL|NULL|NULL|NULL|NULL|NULL|NULL|NULL|NULL|NULL|NULL|NULL|NULL|NULL|NULL|NULL|NULL|NULL|1|1|Y|P|N|N|4/24/2000|2/26/2020 15:17|4/30/2019|4/1/2019
001400000000000000000001781323|(Restricted_0001781323)|NULL|NULL|(Restricted_0001781323)|N|NULL|NULL|9817|Upcountry Division|SME|SME|Others|19|NULL|30610.28|NULL|NULL|NULL|NULL|NULL|NULL|NULL|NULL|NULL|NULL|NULL|NULL|NULL|NULL|NULL|NULL|NULL|NULL|1|1|Y|P|N|N|4/24/2000|2/26/2020 15:17|4/30/2019|4/1/2019
001400000000000000000001781440|(Restricted_0001781440)|NULL|NULL|(Restricted_0001781440)|N|NULL|NULL|9171|SME Business Center Bangkok Division|SME|SME|Others|19|NULL|48120|NULL|NULL|NULL|NULL|NULL|NULL|NULL|NULL|NULL|NULL|NULL|NULL|NULL|NULL|NULL|NULL|NULL|NULL|1|1|Y|P|N|N|4/24/2000|2/26/2020 15:17|4/30/2019|4/1/2019
001400000000000000000001807646|(Restricted_0001807646)|NULL|NULL|(Restricted_0001807646)|N|NULL|NULL|9817|Upcountry Division|SME|SME|Others|19|NULL|38516.82|NULL|NULL|NULL|NULL|NULL|NULL|NULL|NULL|NULL|NULL|NULL|NULL|NULL|NULL|NULL|NULL|NULL|NULL|1|1|Y|P|N|N|4/24/2000|2/26/2020 15:17|4/30/2019|4/1/2019
001400000000000000000001831776|(Restricted_0001831776)|NULL|NULL|(Restricted_0001831776)|N|NULL|NULL|9817|Upcountry Division|SME|SME|Others|19|NULL|255284.33|NULL|NULL|NULL|NULL|NULL|NULL|NULL|NULL|NULL|NULL|NULL|NULL|NULL|NULL|NULL|NULL|NULL|NULL|1|1|Y|P|N|N|4/24/2000|2/26/2020 15:17|4/30/2019|4/1/2019
001400000000000000000001843530|(Restricted_0001843530)|NULL|NULL|(Restricted_0001843530)|N|NULL|NULL|9817|Upcountry Division|SME|SME|Others|19|NULL|67369|NULL|NULL|NULL|NULL|NULL|NULL|NULL|NULL|NULL|NULL|NULL|NULL|NULL|NULL|NULL|NULL|NULL|NULL|1|1|Y|P|N|N|4/24/2000|2/26/2020 15:17|4/30/2019|4/1/2019
001400000000000000000001844317|(Restricted_0001844317)|NULL|NULL|(Restricted_0001844317)|N|NULL|NULL|9816|Bangkok Division|SME|SME|Others|19|NULL|29757.89|NULL|NULL|NULL|NULL|NULL|NULL|NULL|NULL|NULL|NULL|NULL|NULL|NULL|NULL|NULL|NULL|NULL|NULL|1|1|Y|P|N|N|4/24/2000|2/26/2020 15:17|4/30/2019|4/1/2019
001400000000000000000001844721|(Restricted_0001844721)|NULL|NULL|(Restricted_0001844721)|N|NULL|NULL|9685|SME Relationship Management & New Business Upcountry 1 Division|SME|SME|Others|19|NULL|30856.85|NULL|NULL|NULL|NULL|NULL|NULL|NULL|NULL|NULL|NULL|NULL|NULL|NULL|NULL|NULL|NULL|NULL|NULL|1|1|Y|P|N|N|4/24/2000|2/26/2020 15:17|4/30/2019|4/1/2019
001400000000000000000001848257|(Restricted_0001848257)|NULL|NULL|(Restricted_0001848257)|N|NULL|NULL|9816|Bangkok Division|SME|SME|Others|19|NULL|98008.39|NULL|NULL|NULL|NULL|NULL|NULL|NULL|NULL|NULL|NULL|NULL|NULL|NULL|NULL|NULL|NULL|NULL|NULL|1|1|Y|P|N|N|4/24/2000|2/26/2020 15:17|4/30/2019|4/1/2019
001400000000000000000001850583|(Restricted_0001850583)|NULL|NULL|(Restricted_0001850583)|N|NULL|NULL|9816|Bangkok Division|SME|SME|Others|19|NULL|67577.4|NULL|NULL|NULL|NULL|NULL|NULL|NULL|NULL|NULL|NULL|NULL|NULL|NULL|NULL|NULL|NULL|NULL|NULL|1|1|Y|P|N|N|4/24/2000|2/26/2020 15:17|4/30/2019|4/1/2019
001400000000000000000001855672|(Restricted_0001855672)|NULL|NULL|(Restricted_0001855672)|N|NULL|NULL|9817|Upcountry Division|SME|SME|Others|19|NULL|8519.82|NULL|NULL|NULL|NULL|NULL|NULL|NULL|NULL|NULL|NULL|NULL|NULL|NULL|NULL|NULL|NULL|NULL|NULL|1|1|Y|P|N|N|4/24/2000|2/26/2020 15:17|4/30/2019|4/1/2019
001400000000000000000001880621|(Restricted_0001880621)|NULL|NULL|(Restricted_0001880621)|N|NULL|NULL|9685|SME Relationship Management & New Business Upcountry 1 Division|SME|SME|Others|19|NULL|12894.15|NULL|NULL|NULL|NULL|NULL|NULL|NULL|NULL|NULL|NULL|NULL|NULL|NULL|NULL|NULL|NULL|NULL|NULL|1|1|Y|P|N|N|4/24/2000|2/26/2020 15:17|4/30/2019|4/1/2019
001400000000000000000001881930|(Restricted_0001881930)|NULL|NULL|(Restricted_0001881930)|N|NULL|NULL|9817|Upcountry Division|SME|SME|Others|19|NULL|4114.3|NULL|NULL|NULL|NULL|NULL|NULL|NULL|NULL|NULL|NULL|NULL|NULL|NULL|NULL|NULL|NULL|NULL|NULL|1|1|Y|P|N|N|4/24/2000|2/26/2020 15:17|4/30/2019|4/1/2019
001400000000000000000001894403|(Restricted_0001894403)|NULL|NULL|(Restricted_0001894403)|N|NULL|NULL|9817|Upcountry Division|SME|SME|Others|19|NULL|1943936.16|NULL|NULL|NULL|NULL|NULL|NULL|NULL|NULL|NULL|NULL|NULL|NULL|NULL|NULL|NULL|NULL|NULL|NULL|1|1|Y|P|N|N|4/24/2000|2/26/2020 15:17|4/30/2019|4/1/2019
001400000000000000000001901329|(Restricted_0001901329)|NULL|NULL|(Restricted_0001901329)|N|NULL|NULL|9679|SME Relationship Management & New Business Upcountry 2 Division|SME|SME|Others|19|NULL|92122.85|NULL|NULL|NULL|NULL|NULL|NULL|NULL|NULL|NULL|NULL|NULL|NULL|NULL|NULL|NULL|NULL|NULL|NULL|1|1|Y|P|N|N|4/24/2000|2/26/2020 15:17|4/30/2019|4/1/2019
001400000000000000000001902918|(Restricted_0001902918)|NULL|NULL|(Restricted_0001902918)|N|NULL|NULL|9685|SME Relationship Management & New Business Upcountry 1 Division|SME|SME|Others|19|NULL|1097961.54|NULL|NULL|NULL|NULL|NULL|NULL|NULL|NULL|NULL|NULL|NULL|NULL|NULL|NULL|NULL|NULL|NULL|NULL|1|1|Y|P|N|N|4/24/2000|2/26/2020 15:17|4/30/2019|4/1/2019
001400000000000000000001909141|(Restricted_0001909141)|NULL|NULL|(Restricted_0001909141)|N|NULL|NULL|9678|SME Relationship Management & New Business Upcountry 3 Division|SME|SME|Others|19|NULL|212009.61|NULL|NULL|NULL|NULL|NULL|NULL|NULL|NULL|NULL|NULL|NULL|NULL|NULL|NULL|NULL|NULL|NULL|NULL|1|1|Y|P|N|N|4/24/2000|2/26/2020 15:17|4/30/2019|4/1/2019
001400000000000000000001910355|(Restricted_0001910355)|NULL|NULL|(Restricted_0001910355)|N|NULL|NULL|9171|SME Business Center Bangkok Division|SME|SME|Others|19|NULL|10862.85|NULL|NULL|NULL|NULL|NULL|NULL|NULL|NULL|NULL|NULL|NULL|NULL|NULL|NULL|NULL|NULL|NULL|NULL|1|1|Y|P|N|N|4/24/2000|2/26/2020 15:17|4/30/2019|4/1/2019
001400000000000000000001914474|(Restricted_0001914474)|NULL|NULL|(Restricted_0001914474)|N|NULL|NULL|9685|SME Relationship Management & New Business Upcountry 1 Division|SME|SME|Others|19|NULL|1817232.19|NULL|NULL|NULL|NULL|NULL|NULL|NULL|NULL|NULL|NULL|NULL|NULL|NULL|NULL|NULL|NULL|NULL|NULL|1|1|Y|P|N|N|4/24/2000|2/26/2020 15:17|4/30/2019|4/1/2019
001400000000000000000001942357|(Restricted_0001942357)|NULL|NULL|(Restricted_0001942357)|N|NULL|NULL|9679|SME Relationship Management & New Business Upcountry 2 Division|SME|SME|Others|19|NULL|271209.61|NULL|NULL|NULL|NULL|NULL|NULL|NULL|NULL|NULL|NULL|NULL|NULL|NULL|NULL|NULL|NULL|NULL|NULL|1|1|Y|P|N|N|4/24/2000|2/26/2020 15:17|4/30/2019|4/1/2019
001400000000000000000001944979|(Restricted_0001944979)|NULL|NULL|(Restricted_0001944979)|N|NULL|NULL|9817|Upcountry Division|SME|SME|Others|19|NULL|502141.16|NULL|NULL|NULL|NULL|NULL|NULL|NULL|NULL|NULL|NULL|NULL|NULL|NULL|NULL|NULL|NULL|NULL|NULL|1|1|Y|P|N|N|4/24/2000|2/26/2020 15:17|4/30/2019|4/1/2019
001400000000000000000001951596|(Restricted_0001951596)|NULL|NULL|(Restricted_0001951596)|N|NULL|NULL|9679|SME Relationship Management & New Business Upcountry 2 Division|SME|SME|Others|19|NULL|2043267.89|NULL|NULL|NULL|NULL|NULL|NULL|NULL|NULL|NULL|NULL|NULL|NULL|NULL|NULL|NULL|NULL|NULL|NULL|1|1|Y|P|N|N|4/24/2000|2/26/2020 15:17|4/30/2019|4/1/2019
001400000000000000000001957019|(Restricted_0001957019)|NULL|NULL|(Restricted_0001957019)|N|NULL|NULL|9817|Upcountry Division|SME|SME|Others|19|NULL|135.82|NULL|NULL|NULL|NULL|NULL|NULL|NULL|NULL|NULL|NULL|NULL|NULL|NULL|NULL|NULL|NULL|NULL|NULL|1|1|Y|P|N|N|4/24/2000|2/26/2020 15:17|4/30/2019|4/1/2019
001400000000000000000001959662|(Restricted_0001959662)|NULL|NULL|(Restricted_0001959662)|N|NULL|NULL|9816|Bangkok Division|SME|SME|Others|19|NULL|115467.73|NULL|NULL|NULL|NULL|NULL|NULL|NULL|NULL|NULL|NULL|NULL|NULL|NULL|NULL|NULL|NULL|NULL|NULL|1|1|Y|P|N|N|4/24/2000|2/26/2020 15:17|4/30/2019|4/1/2019
001400000000000000000001960609|(Restricted_0001960609)|NULL|NULL|(Restricted_0001960609)|N|NULL|NULL|9817|Upcountry Division|SME|SME|Others|19|NULL|413127.09|NULL|NULL|NULL|NULL|NULL|NULL|NULL|NULL|NULL|NULL|NULL|NULL|NULL|NULL|NULL|NULL|NULL|NULL|1|1|Y|P|N|N|4/24/2000|2/26/2020 15:17|4/30/2019|4/1/2019
001400000000000000000001994351|(Restricted_0001994351)|NULL|NULL|(Restricted_0001994351)|N|NULL|NULL|9816|Bangkok Division|SME|SME|Others|19|NULL|408188.62|NULL|NULL|NULL|NULL|NULL|NULL|NULL|NULL|NULL|NULL|NULL|NULL|NULL|NULL|NULL|NULL|NULL|NULL|1|1|Y|P|N|N|4/24/2000|2/26/2020 15:17|4/30/2019|4/1/2019
001400000000000000000001994527|(Restricted_0001994527)|NULL|NULL|(Restricted_0001994527)|N|NULL|NULL|9679|SME Relationship Management & New Business Upcountry 2 Division|SME|SME|Others|19|NULL|1694.94|NULL|NULL|NULL|NULL|NULL|NULL|NULL|NULL|NULL|NULL|NULL|NULL|NULL|NULL|NULL|NULL|NULL|NULL|1|1|Y|P|N|N|4/24/2000|2/26/2020 15:17|4/30/2019|4/1/2019
001400000000000000000002001104|(Restricted_0002001104)|NULL|NULL|(Restricted_0002001104)|N|NULL|NULL|9678|SME Relationship Management & New Business Upcountry 3 Division|SME|SME|Others|19|NULL|188343.32|NULL|NULL|NULL|NULL|NULL|NULL|NULL|NULL|NULL|NULL|NULL|NULL|NULL|NULL|NULL|NULL|NULL|NULL|1|1|Y|P|N|N|4/24/2000|2/26/2020 15:17|4/30/2019|4/1/2019
001400000000000000000002009650|(Restricted_0002009650)|NULL|NULL|(Restricted_0002009650)|N|NULL|NULL|9817|Upcountry Division|SME|SME|Others|19|NULL|15081.13|NULL|NULL|NULL|NULL|NULL|NULL|NULL|NULL|NULL|NULL|NULL|NULL|NULL|NULL|NULL|NULL|NULL|NULL|1|1|Y|P|N|N|4/24/2000|2/26/2020 15:17|4/30/2019|4/1/2019
001400000000000000000002010804|(Restricted_0002010804)|NULL|NULL|(Restricted_0002010804)|N|NULL|NULL|9817|Upcountry Division|SME|SME|Others|19|NULL|33925.88|NULL|NULL|NULL|NULL|NULL|NULL|NULL|NULL|NULL|NULL|NULL|NULL|NULL|NULL|NULL|NULL|NULL|NULL|1|1|Y|P|N|N|4/24/2000|2/26/2020 15:17|4/30/2019|4/1/2019
001400000000000000000002013015|(Restricted_0002013015)|NULL|NULL|(Restricted_0002013015)|N|NULL|NULL|9928|Medium Business Division|SME|SME|Others|19|NULL|3630.49|NULL|NULL|NULL|NULL|NULL|NULL|NULL|NULL|NULL|NULL|NULL|NULL|NULL|NULL|NULL|NULL|NULL|NULL|1|1|Y|P|N|N|4/24/2000|2/26/2020 15:17|4/30/2019|4/1/2019
001400000000000000000000035518|"AkkCNmhN	NULL	NULL	AkkCNmhN"|N|NON-OA|2019-04-30|9656|SSME Sales Bangkok|SSME|SSME|Others|19|NULL|NULL|NULL|NULL|NULL|NULL|NULL|NULL|NULL|NULL|NULL|NULL|NULL|NULL|NULL|NULL|NULL|NULL|NULL|NULL|1|1|N|C|NULL|NULL|2000-04-04|2020-02-26 15:17:17.13|2019-04-30|4/1/2019|||
001400000000000000000001172621|"DCSngv	NULL	NULL	DCSngv"|N|NON-OA|2019-04-30|9656|SSME Sales Bangkok|SSME|SSME|Others|19|NULL|54.49|NULL|NULL|NULL|NULL|NULL|NULL|NULL|NULL|NULL|NULL|NULL|NULL|NULL|NULL|NULL|NULL|NULL|NULL|1|1|N|C|NULL|NULL|2000-04-19|2020-02-26 15:17:17.13|2019-04-30|4/1/2019|||
001400000000000000000008458094|DPQ wK tdhHxHRMW|Dissolved(Account Unresolved)|2005-01-11|DPQ wK tdhHxHRMW|N|NON-OA|2019-04-30|9656|SSME Sales Bangkok|SSME|SSME|Others|15|15|NULL|NULL|NULL|NULL|NULL|NULL|NULL|NULL|NULL|NULL|NULL|NULL|NULL|NULL|NULL|NULL|NULL|NULL|NULL|1|1|N|C|NULL|NULL|9/23/2004|2/26/2020 15:17|4/30/2019|4/1/2019
001400000000000000000000171256|DggIBcHGUZZ|NULL|NULL|DggIBcHGUZZ|N|NON-OA|2019-04-30|9695|SSME Upcountry Division 1|SSME|SSME|Others|19|NULL|NULL|NULL|NULL|NULL|NULL|NULL|NULL|NULL|NULL|NULL|NULL|NULL|NULL|NULL|NULL|NULL|NULL|NULL|NULL|1|1|N|C|NULL|NULL|4/6/2000|2/26/2020 15:17|4/30/2019|4/1/2019
001400000000000000000002275054|"EDSV uIBvyzc & J	NULL	NULL	EDSV uIBvyzc & J"|N|NON-OA|2019-04-30|9656|SSME Sales Bangkok|SSME|SSME|Others|19|NULL|151.92|NULL|NULL|NULL|NULL|NULL|NULL|NULL|NULL|NULL|NULL|NULL|NULL|NULL|NULL|NULL|NULL|NULL|NULL|1|1|N|C|NULL|NULL|2000-07-20|2020-02-26 15:17:17.13|2019-04-30|4/1/2019|||
001400000000000000000000448642|EaRUym|NULL|NULL|EaRUym|N|NON-OA|2019-04-30|9656|SSME Sales Bangkok|SSME|SSME|Others|19|NULL|120.29|NULL|NULL|NULL|NULL|NULL|NULL|NULL|NULL|NULL|NULL|NULL|NULL|NULL|NULL|NULL|NULL|NULL|NULL|1|1|N|C|NULL|NULL|4/7/2000|2/26/2020 15:17|4/30/2019|4/1/2019
001400000000000000000000267389|"EfUiHAZMvqVgrUXz	NULL	NULL	EfUiHAZMvqVgrUXz"|N|NON-OA|2019-04-30|9656|SSME Sales Bangkok|SSME|SSME|Others|19|NULL|NULL|NULL|NULL|NULL|NULL|NULL|NULL|NULL|NULL|NULL|NULL|NULL|NULL|NULL|NULL|NULL|NULL|NULL|NULL|1|1|N|C|NULL|NULL|2000-04-06|2020-02-26 15:17:17.13|2019-04-30|4/1/2019|||
001400000000000000000021691854|ILO 31|NULL|NULL|ILO 31|N|NON-OA|2019-04-30|9656|SSME Sales Bangkok|SSME|SSME|Real Estate|7|NULL|43977.71|NULL|NULL|NULL|NULL|NULL|NULL|NULL|NULL|NULL|NULL|NULL|NULL|NULL|NULL|NULL|NULL|NULL|NULL|1|1|Y|C|N|N|12/20/2012|2/26/2020 15:17|4/30/2019|4/1/2019
001400000000000000000001755774|"JhjryKC	NULL	NULL	JhjryKC"|N|NON-OA|2019-04-30|9656|SSME Sales Bangkok|SSME|SSME|Real Estate|19|NULL|NULL|NULL|NULL|NULL|NULL|NULL|NULL|NULL|NULL|NULL|NULL|NULL|NULL|NULL|NULL|NULL|NULL|NULL|NULL|1|1|N|C|NULL|NULL|2000-04-21|2020-02-26 15:17:17.13|2019-04-30|4/1/2019|||
001400000000000000000001498540|"JnoHwVh	NULL	NULL	JnoHwVh"|N|NON-OA|2019-04-30|9656|SSME Sales Bangkok|SSME|SSME|Others|19|NULL|NULL|NULL|NULL|NULL|NULL|NULL|NULL|NULL|NULL|NULL|NULL|NULL|NULL|NULL|NULL|NULL|NULL|NULL|NULL|1|1|N|C|NULL|NULL|2000-04-20|2020-02-26 15:17:17.13|2019-04-30|4/1/2019|||
001400000000000000000002729536|LFF SFk TfqY|NULL|NULL|LFF SFk TfqY|N|NON-OA|2019-04-30|9491|SSME Upcountry Division 3|SSME|SSME|Power and Utilities|19|NULL|0|NULL|NULL|NULL|NULL|NULL|NULL|NULL|NULL|NULL|NULL|NULL|NULL|NULL|NULL|NULL|NULL|NULL|NULL|1|1|N|C|NULL|NULL|10/19/2000|2/26/2020 15:17|4/30/2019|4/1/2019
001400000000000000000000115332|"LYH	NULL	NULL	LYH"|N|NON-OA|2019-04-30|9656|SSME Sales Bangkok|SSME|SSME|Others|19|NULL|0|NULL|NULL|NULL|NULL|NULL|NULL|NULL|NULL|NULL|NULL|NULL|NULL|NULL|NULL|NULL|NULL|NULL|NULL|1|1|N|C|NULL|NULL|2000-04-06|2020-02-26 15:17:17.13|2019-04-30|4/1/2019|||
001400000000000000000000043363|"LbnCfb	NULL	NULL	LbnCfb"|N|NON-OA|2019-04-30|9656|SSME Sales Bangkok|SSME|SSME|Others|19|NULL|0|NULL|NULL|NULL|NULL|NULL|NULL|NULL|NULL|NULL|NULL|NULL|NULL|NULL|NULL|NULL|NULL|NULL|NULL|1|1|N|C|NULL|NULL|2000-04-04|2020-02-26 15:17:17.13|2019-04-30|4/1/2019|||
001400000000000000000001590034|"TxCrgTa	NULL	NULL	TxCrgTa"|N|NON-OA|2019-04-30|9491|SSME Upcountry Division 3|SSME|SSME|Others|19|NULL|NULL|NULL|NULL|NULL|NULL|NULL|NULL|NULL|NULL|NULL|NULL|NULL|NULL|NULL|NULL|NULL|NULL|NULL|NULL|1|1|N|C|NULL|NULL|2000-04-21|2020-02-26 15:17:17.13|2019-04-30|4/1/2019|||
001400000000000000000000232500|UhtOeP|NULL|NULL|UhtOeP|N|NON-OA|2019-04-30|9656|SSME Sales Bangkok|SSME|SSME|Others|19|NULL|NULL|NULL|NULL|NULL|NULL|NULL|NULL|NULL|NULL|NULL|NULL|NULL|NULL|NULL|NULL|NULL|NULL|NULL|NULL|1|1|N|C|NULL|NULL|4/6/2000|2/26/2020 15:17|4/30/2019|4/1/2019
001400000000000000000000267790|"YvKGWaMruqRGdpF	NULL	NULL	YvKGWaMruqRGdpF"|N|NON-OA|2019-04-30|9656|SSME Sales Bangkok|SSME|SSME|Others|19|NULL|NULL|NULL|NULL|NULL|NULL|NULL|NULL|NULL|NULL|NULL|NULL|NULL|NULL|NULL|NULL|NULL|NULL|NULL|NULL|1|1|N|C|NULL|NULL|2000-04-06|2020-02-26 15:17:17.13|2019-04-30|4/1/2019|||
001400000000000000000000112334|cLwevyxGJ|NULL|NULL|cLwevyxGJ|N|NON-OA|2019-04-30|9656|SSME Sales Bangkok|SSME|SSME|Others|19|NULL|NULL|NULL|NULL|NULL|NULL|NULL|NULL|NULL|NULL|NULL|NULL|NULL|NULL|NULL|NULL|NULL|NULL|NULL|NULL|1|1|N|C|NULL|NULL|4/6/2000|2/26/2020 15:17|4/30/2019|4/1/2019
001400000000000000000000186790|iabEOHUKby_ndoh|NULL|NULL|iabEOHUKby_ndoh|N|NON-OA|2019-04-30|9656|SSME Sales Bangkok|SSME|SSME|Others|19|NULL|NULL|NULL|NULL|NULL|NULL|NULL|NULL|NULL|NULL|NULL|NULL|NULL|NULL|NULL|NULL|NULL|NULL|NULL|NULL|1|1|N|C|NULL|NULL|4/6/2000|2/26/2020 15:17|4/30/2019|4/1/2019
001400000000000000000008596022|llL - nvIu zNoHW CFlH|NULL|NULL|llL - nvIu zNoHW CFlH|N|NON-OA|2019-04-30|9989|SSME Upcountry Division 2|SSME|SSME|Others|15|NULL|1415.93|NULL|NULL|NULL|NULL|NULL|NULL|NULL|NULL|NULL|NULL|NULL|NULL|NULL|NULL|NULL|NULL|NULL|NULL|1|1|N|C|NULL|NULL|11/11/2004|2/26/2020 15:17|4/30/2019|4/1/2019
001400000000000000000000991867|"mVQ	NULL	NULL	mVQ"|N|NON-OA|2019-04-30|9656|SSME Sales Bangkok|SSME|SSME|Real Estate|19|NULL|NULL|NULL|NULL|NULL|NULL|NULL|NULL|NULL|NULL|NULL|NULL|NULL|NULL|NULL|NULL|NULL|NULL|NULL|NULL|1|1|N|C|NULL|NULL|2000-04-17|2020-02-26 15:17:17.13|2019-04-30|4/1/2019|||
001400000000000000000000991868|"mVQ	NULL	NULL	mVQ"|N|NON-OA|2019-04-30|9656|SSME Sales Bangkok|SSME|SSME|Real Estate|19|NULL|NULL|NULL|NULL|NULL|NULL|NULL|NULL|NULL|NULL|NULL|NULL|NULL|NULL|NULL|NULL|NULL|NULL|NULL|NULL|2|2|N|C|NULL|NULL|2000-04-17|2020-02-26 15:17:17.13|2019-04-30|4/1/2019|||
001400000000000000000022425113|nThYAGmMwJhFbvsdo XWI sa TbZ DZNcsjmbVS UDiieUxaHk|NULL|NULL|nThYAGmMwJhFbvsdo XWI sa TbZ DZNcsjmbVS UDiieUxaHk|N|NON-OA|2019-04-30|9989|SSME Upcountry Division 2|SSME|SSME|Hospitality & Services|6|NULL|NULL|NULL|NULL|NULL|NULL|NULL|NULL|NULL|NULL|NULL|NULL|NULL|NULL|NULL|NULL|NULL|NULL|NULL|NULL|1|1|N|C|NULL|NULL|6/18/2013|2/26/2020 15:17|4/30/2019|4/1/2019
001400000000000000000001425236|"pSpqeIhx	NULL	NULL	pSpqeIhx"|N|NON-OA|2019-04-30|9989|SSME Upcountry Division 2|SSME|SSME|Others|19|NULL|NULL|NULL|NULL|NULL|NULL|NULL|NULL|NULL|NULL|NULL|NULL|NULL|NULL|NULL|NULL|NULL|NULL|NULL|NULL|1|1|N|C|NULL|NULL|2000-04-20|2020-02-26 15:17:17.13|2019-04-30|4/1/2019|||
001400000000000000000001462442|"whHoKyhspDX	NULL	NULL	whHoKyhspDX"|N|NON-OA|2019-04-30|9656|SSME Sales Bangkok|SSME|SSME|Others|19|NULL|1981.56|NULL|NULL|NULL|NULL|NULL|NULL|NULL|NULL|NULL|NULL|NULL|NULL|NULL|NULL|NULL|NULL|NULL|NULL|1|1|N|C|NULL|NULL|2000-04-20|2020-02-26 15:17:17.13|2019-04-30|4/1/2019|||
001400000000000000000001462443|"whHoKyhspDX	NULL	NULL	whHoKyhspDX"|N|NON-OA|2019-04-30|9656|SSME Sales Bangkok|SSME|SSME|Others|19|NULL|873.28|NULL|NULL|NULL|NULL|NULL|NULL|NULL|NULL|NULL|NULL|NULL|NULL|NULL|NULL|NULL|NULL|NULL|NULL|2|2|N|C|NULL|NULL|2000-04-20|2020-02-26 15:17:17.13|2019-04-30|4/1/2019|||
001400000000000000000010308245|เฬิ๒ใ๗ัะโิพาผ ยณ๙.8|NULL|NULL|เฬิ๒ใ๗ัะโิพาผ ยณ๙.8|N|NON-OA|2019-04-30|9989|SSME Upcountry Division 2|SSME|SSME|Others|14|NULL|41.34|NULL|NULL|NULL|NULL|NULL|NULL|NULL|NULL|NULL|NULL|NULL|NULL|NULL|NULL|NULL|NULL|NULL|NULL|1|1|N|C|NULL|NULL|11/1/2005|2/26/2020 15:17|4/30/2019|4/1/2019
001400000000000000000009211817|เเ๖ะแฉญฟ็สป สุศุหธิฦ 67|NULL|NULL|เเ๖ะแฉญฟ็สป สุศุหธิฦ 67|N|NON-OA|2019-04-30|9656|SSME Sales Bangkok|SSME|SSME|Real Estate|14|NULL|0|NULL|NULL|NULL|NULL|NULL|NULL|NULL|NULL|NULL|NULL|NULL|NULL|NULL|NULL|NULL|NULL|NULL|NULL|1|1|N|C|NULL|NULL|1/19/2005|2/26/2020 15:17|4/30/2019|4/1/2019
001400000000000000000015332266|โัศญี่ติฬฎ์-ษดคโปญิฅ-๙ฦแ๕ฐะ|NULL|NULL|โัศญี่ติฬฎ์-ษดคโปญิฅ-๙ฦแ๕ฐะ|N|NON-OA|2019-04-30|9656|SSME Sales Bangkok|SSME|SSME|Others|11|NULL|NULL|NULL|NULL|NULL|NULL|NULL|NULL|NULL|NULL|NULL|NULL|NULL|NULL|NULL|NULL|NULL|NULL|NULL|NULL|1|1|N|C|NULL|NULL|9/28/2008|2/26/2020 15:17|4/30/2019|4/1/2019
001400000000000000000013499105|๙กมขเสื่ฌแฉ่ถ๑ิฅ เขื่ไเา๕เยืญญผั้จฤราขิสฆฝา๑ู้แส๗จาฤภฟ|NULL|NULL|๙กมขเสื่ฌแฉ่ถ๑ิฅ เขื่ไเา๕เยืญญผั้จฤราขิสฆฝา๑ู้แส๗จาฤภฟ|N|NON-OA|2019-04-30|9656|SSME Sales Bangkok|SSME|SSME|Others|12|NULL|0|NULL|NULL|NULL|NULL|NULL|NULL|NULL|NULL|NULL|NULL|NULL|NULL|NULL|NULL|NULL|NULL|NULL|NULL|1|1|N|C|NULL|NULL|11/2/2007|2/26/2020 15:17|4/30/2019|4/1/2019
001400000000000000000001326373|#eldLzndGvS|NULL|NULL|#eldLzndGvS|N|NON-OA|2019-04-30|9491|SSME Upcountry Division 3|SSME|SSME|Others|19|NULL|NULL|NULL|NULL|NULL|NULL|NULL|NULL|NULL|NULL|NULL|NULL|NULL|NULL|NULL|NULL|NULL|NULL|NULL|NULL|1|1|N|C|NULL|NULL|4/19/2000|2/26/2020 15:17|4/30/2019|4/1/2019
001400000000000000000002354936|& & E nNJbUx nf.,|NULL|NULL|& & E nNJbUx nf.,|N|NON-OA|2019-04-30|9656|SSME Sales Bangkok|SSME|SSME|Others|19|NULL|118.6|NULL|NULL|NULL|NULL|NULL|NULL|NULL|NULL|NULL|NULL|NULL|NULL|NULL|NULL|NULL|NULL|NULL|NULL|1|1|N|C|NULL|NULL|8/28/2000|2/26/2020 15:17|4/30/2019|4/1/2019
001400000000000000000002426860|& A L cGy., WHn.|NULL|NULL|& A L cGy., WHn.|N|NON-OA|2019-04-30|9656|SSME Sales Bangkok|SSME|SSME|Others|19|NULL|NULL|NULL|NULL|NULL|NULL|NULL|NULL|NULL|NULL|NULL|NULL|NULL|NULL|NULL|NULL|NULL|NULL|NULL|NULL|1|1|N|C|NULL|NULL|9/1/2000|2/26/2020 15:17|4/30/2019|4/1/2019
001400000000000000000005788203|& B x gASM Zd.  HL|NULL|NULL|& B x gASM Zd.  HL|N|NON-OA|2019-04-30|9656|SSME Sales Bangkok|SSME|SSME|Others|17|NULL|NULL|NULL|NULL|NULL|NULL|NULL|NULL|NULL|NULL|NULL|NULL|NULL|NULL|NULL|NULL|NULL|NULL|NULL|NULL|1|1|N|C|NULL|NULL|6/25/2002|2/26/2020 15:17|4/30/2019|4/1/2019
001400000000000000000008438069|& C da., tnk|NULL|NULL|& C da., tnk|N|NON-OA|2019-04-30|9656|SSME Sales Bangkok|SSME|SSME|Others|15|NULL|NULL|NULL|NULL|NULL|NULL|NULL|NULL|NULL|NULL|NULL|NULL|NULL|NULL|NULL|NULL|NULL|NULL|NULL|NULL|1|1|N|C|NULL|NULL|9/20/2004|2/26/2020 15:17|4/30/2019|4/1/2019
001400000000000000000008437868|& CJ., Hhl.,|NULL|NULL|& CJ., Hhl.,|N|NON-OA|2019-04-30|9656|SSME Sales Bangkok|SSME|SSME|Others|15|NULL|NULL|NULL|NULL|NULL|NULL|NULL|NULL|NULL|NULL|NULL|NULL|NULL|NULL|NULL|NULL|NULL|NULL|NULL|NULL|1|1|N|C|NULL|NULL|9/20/2004|2/26/2020 15:17|4/30/2019|4/1/2019
001400000000000000000008437187|& J tV.HM|NULL|NULL|& J tV.HM|N|NON-OA|2019-04-30|9656|SSME Sales Bangkok|SSME|SSME|Others|15|NULL|NULL|NULL|NULL|NULL|NULL|NULL|NULL|NULL|NULL|NULL|NULL|NULL|NULL|NULL|NULL|NULL|NULL|NULL|NULL|1|1|N|C|NULL|NULL|9/20/2004|2/26/2020 15:17|4/30/2019|4/1/2019
001400000000000000000008436690|& L kXquhyLYIcPlN qYSFvimyFI|NULL|NULL|& L kXquhyLYIcPlN qYSFvimyFI|N|NON-OA|2019-04-30|9656|SSME Sales Bangkok|SSME|SSME|Others|15|NULL|NULL|NULL|NULL|NULL|NULL|NULL|NULL|NULL|NULL|NULL|NULL|NULL|NULL|NULL|NULL|NULL|NULL|NULL|NULL|1|1|N|C|NULL|NULL|9/20/2004|2/26/2020 15:17|4/30/2019|4/1/2019
001400000000000000000002360901|& N nPgx Fn., ozA.|NULL|NULL|& N nPgx Fn., ozA.|N|NON-OA|2019-04-30|9656|SSME Sales Bangkok|SSME|SSME|Others|19|NULL|158.17|NULL|NULL|NULL|NULL|NULL|NULL|NULL|NULL|NULL|NULL|NULL|NULL|NULL|NULL|NULL|NULL|NULL|NULL|1|1|N|C|NULL|NULL|8/28/2000|2/26/2020 15:17|4/30/2019|4/1/2019
001400000000000000000008438054|& PFkcvJ ug-Yt DB nDj.|NULL|NULL|& PFkcvJ ug-Yt DB nDj.|N|NON-OA|2019-04-30|9656|SSME Sales Bangkok|SSME|SSME|Others|15|NULL|NULL|NULL|NULL|NULL|NULL|NULL|NULL|NULL|NULL|NULL|NULL|NULL|NULL|NULL|NULL|NULL|NULL|NULL|NULL|1|1|N|C|NULL|NULL|9/20/2004|2/26/2020 15:17|4/30/2019|4/1/2019
001400000000000000000004119232|& a RfcWpt Zd.  HL|NULL|NULL|& a RfcWpt Zd.  HL|N|NON-OA|2019-04-30|9656|SSME Sales Bangkok|SSME|SSME|Others|18|NULL|NULL|NULL|NULL|NULL|NULL|NULL|NULL|NULL|NULL|NULL|NULL|NULL|NULL|NULL|NULL|NULL|NULL|NULL|NULL|1|1|N|C|NULL|NULL|10/4/2001|2/26/2020 15:17|4/30/2019|4/1/2019
001400000000000000000008437702|& cG BOQzKBC Ey., rnw.|NULL|NULL|& cG BOQzKBC Ey., rnw.|N|NON-OA|2019-04-30|9656|SSME Sales Bangkok|SSME|SSME|Others|15|NULL|NULL|NULL|NULL|NULL|NULL|NULL|NULL|NULL|NULL|NULL|NULL|NULL|NULL|NULL|NULL|NULL|NULL|NULL|NULL|1|1|N|C|NULL|NULL|9/20/2004|2/26/2020 15:17|4/30/2019|4/1/2019
001400000000000000000002360138|& f CD., BTk.|NULL|NULL|& f CD., BTk.|N|NON-OA|2019-04-30|9656|SSME Sales Bangkok|SSME|SSME|Others|19|NULL|60.76|NULL|NULL|NULL|NULL|NULL|NULL|NULL|NULL|NULL|NULL|NULL|NULL|NULL|NULL|NULL|NULL|NULL|NULL|1|1|N|C|NULL|NULL|8/28/2000|2/26/2020 15:17|4/30/2019|4/1/2019
001400000000000000000002357565|& l T ctjdiPmk gR., oNH.|NULL|NULL|& l T ctjdiPmk gR., oNH.|N|NON-OA|2019-04-30|9656|SSME Sales Bangkok|SSME|SSME|Others|19|NULL|NULL|NULL|NULL|NULL|NULL|NULL|NULL|NULL|NULL|NULL|NULL|NULL|NULL|NULL|NULL|NULL|NULL|NULL|NULL|1|1|N|C|NULL|NULL|8/28/2000|2/26/2020 15:17|4/30/2019|4/1/2019
001400000000000000000008436710|& lgSYsJnKLg &VDYoUwHR|NULL|NULL|& lgSYsJnKLg &VDYoUwHR|N|NON-OA|2019-04-30|9656|SSME Sales Bangkok|SSME|SSME|Others|15|NULL|NULL|NULL|NULL|NULL|NULL|NULL|NULL|NULL|NULL|NULL|NULL|NULL|NULL|NULL|NULL|NULL|NULL|NULL|NULL|1|1|N|C|NULL|NULL|9/20/2004|2/26/2020 15:17|4/30/2019|4/1/2019
001400000000000000000008437917|& q twHPbumQGwA mro.,|NULL|NULL|& q twHPbumQGwA mro.,|N|NON-OA|2019-04-30|9656|SSME Sales Bangkok|SSME|SSME|Building Materials|15|37|NULL|NULL|NULL|NULL|NULL|NULL|NULL|NULL|NULL|NULL|NULL|NULL|NULL|NULL|NULL|NULL|NULL|NULL|NULL|1|1|N|C|NULL|NULL|9/20/2004|2/26/2020 15:17|4/30/2019|4/1/2019
001400000000000000000008436754|& sGVBbFDJUO Ey., rnw.|NULL|NULL|& sGVBbFDJUO Ey., rnw.|N|NON-OA|2019-04-30|9656|SSME Sales Bangkok|SSME|SSME|Others|15|NULL|NULL|NULL|NULL|NULL|NULL|NULL|NULL|NULL|NULL|NULL|NULL|NULL|NULL|NULL|NULL|NULL|NULL|NULL|NULL|1|1|N|C|NULL|NULL|9/20/2004|2/26/2020 15:17|4/30/2019|4/1/2019
001400000000000000000008437022|&lUkGXKbmZNwiDdrcO|NULL|NULL|&lUkGXKbmZNwiDdrcO|N|NON-OA|2019-04-30|9656|SSME Sales Bangkok|SSME|SSME|Others|15|NULL|NULL|NULL|NULL|NULL|NULL|NULL|NULL|NULL|NULL|NULL|NULL|NULL|NULL|NULL|NULL|NULL|NULL|NULL|NULL|1|1|N|C|NULL|NULL|9/20/2004|2/26/2020 15:17|4/30/2019|4/1/2019
001400000000000000000000172830|'BQoZfb|NULL|NULL|'BQoZfb|N|NON-OA|2019-04-30|9656|SSME Sales Bangkok|SSME|SSME|Others|19|NULL|NULL|NULL|NULL|NULL|NULL|NULL|NULL|NULL|NULL|NULL|NULL|NULL|NULL|NULL|NULL|NULL|NULL|NULL|NULL|1|1|N|C|NULL|NULL|4/6/2000|2/26/2020 15:17|4/30/2019|4/1/2019
001400000000000000000000728063|'SDbqLtBtCaxKxGNt|NULL|NULL|'SDbqLtBtCaxKxGNt|N|NON-OA|2019-04-30|9695|SSME Upcountry Division 1|SSME|SSME|Others|19|NULL|0|NULL|NULL|NULL|NULL|NULL|NULL|NULL|NULL|NULL|NULL|NULL|NULL|NULL|NULL|NULL|NULL|NULL|NULL|1|1|N|C|NULL|NULL|4/11/2000|2/26/2020 15:17|4/30/2019|4/1/2019
001400000000000000000000174559|'kNCmc|NULL|NULL|'kNCmc|N|NON-OA|2019-04-30|9656|SSME Sales Bangkok|SSME|SSME|Others|19|NULL|NULL|NULL|NULL|NULL|NULL|NULL|NULL|NULL|NULL|NULL|NULL|NULL|NULL|NULL|NULL|NULL|NULL|NULL|NULL|1|1|N|C|NULL|NULL|4/6/2000|2/26/2020 15:17|4/30/2019|4/1/2019
001400000000000000000000034141|'yhgsNES|NULL|NULL|'yhgsNES|N|NON-OA|2019-04-30|9656|SSME Sales Bangkok|SSME|SSME|Others|19|NULL|0|NULL|NULL|NULL|NULL|NULL|NULL|NULL|NULL|NULL|NULL|NULL|NULL|NULL|NULL|NULL|NULL|NULL|NULL|1|1|N|C|NULL|NULL|4/4/2000|2/26/2020 15:17|4/30/2019|4/1/2019
001400000000000000000011540449|( dkCDH AGMbcnG )|NULL|NULL|( dkCDH AGMbcnG )|N|NON-OA|2019-04-30|9695|SSME Upcountry Division 1|SSME|SSME|Others|13|NULL|NULL|NULL|NULL|NULL|NULL|NULL|NULL|NULL|NULL|NULL|NULL|NULL|NULL|NULL|NULL|NULL|NULL|NULL|NULL|1|1|N|C|NULL|NULL|8/3/2006|2/26/2020 15:17|4/30/2019|4/1/2019
001400000000000000000008437288|(9157) bl., WHn.|NULL|NULL|(9157) bl., WHn.|N|NON-OA|2019-04-30|9656|SSME Sales Bangkok|SSME|SSME|Real Estate|15|40|NULL|NULL|NULL|NULL|NULL|NULL|NULL|NULL|NULL|NULL|NULL|NULL|NULL|NULL|NULL|NULL|NULL|NULL|NULL|1|1|N|C|NULL|NULL|9/20/2004|2/26/2020 15:17|4/30/2019|4/1/2019
001400000000000000000008437214|(DigigFMN) DKTAdYS,|NULL|NULL|(DigigFMN) DKTAdYS,|N|NON-OA|2019-04-30|9656|SSME Sales Bangkok|SSME|SSME|Others|15|NULL|NULL|NULL|NULL|NULL|NULL|NULL|NULL|NULL|NULL|NULL|NULL|NULL|NULL|NULL|NULL|NULL|NULL|NULL|NULL|1|1|N|C|NULL|NULL|9/20/2004|2/26/2020 15:17|4/30/2019|4/1/2019
001400000000000000000008436693|(DigigFMN) yC., Miy|NULL|NULL|(DigigFMN) yC., Miy|N|NON-OA|2019-04-30|9656|SSME Sales Bangkok|SSME|SSME|Others|15|NULL|NULL|NULL|NULL|NULL|NULL|NULL|NULL|NULL|NULL|NULL|NULL|NULL|NULL|NULL|NULL|NULL|NULL|NULL|NULL|1|1|N|C|NULL|NULL|9/20/2004|2/26/2020 15:17|4/30/2019|4/1/2019
001400000000000000000008436914|(DigigFMN) yC., Miy|NULL|NULL|(DigigFMN) yC., Miy|N|NON-OA|2019-04-30|9656|SSME Sales Bangkok|SSME|SSME|Others|15|NULL|NULL|NULL|NULL|NULL|NULL|NULL|NULL|NULL|NULL|NULL|NULL|NULL|NULL|NULL|NULL|NULL|NULL|NULL|NULL|2|2|N|C|NULL|NULL|9/20/2004|2/26/2020 15:17|4/30/2019|4/1/2019
001400000000000000000008437494|(DigigFMN) yC., Miy|NULL|NULL|(DigigFMN) yC., Miy|N|NON-OA|2019-04-30|9656|SSME Sales Bangkok|SSME|SSME|Others|15|NULL|NULL|NULL|NULL|NULL|NULL|NULL|NULL|NULL|NULL|NULL|NULL|NULL|NULL|NULL|NULL|NULL|NULL|NULL|NULL|3|3|N|C|NULL|NULL|9/20/2004|2/26/2020 15:17|4/30/2019|4/1/2019
001400000000000000000008437815|(DigigFMN) yC., Miy|NULL|NULL|(DigigFMN) yC., Miy|N|NON-OA|2019-04-30|9656|SSME Sales Bangkok|SSME|SSME|Others|15|NULL|NULL|NULL|NULL|NULL|NULL|NULL|NULL|NULL|NULL|NULL|NULL|NULL|NULL|NULL|NULL|NULL|NULL|NULL|NULL|4|4|N|C|NULL|NULL|9/20/2004|2/26/2020 15:17|4/30/2019|4/1/2019
001400000000000000000008436748|(MchOvHwO) Smv.|NULL|NULL|(MchOvHwO) Smv.|N|NON-OA|2019-04-30|9656|SSME Sales Bangkok|SSME|SSME|Others|15|37|NULL|NULL|NULL|NULL|NULL|NULL|NULL|NULL|NULL|NULL|NULL|NULL|NULL|NULL|NULL|NULL|NULL|NULL|NULL|1|1|N|C|NULL|NULL|9/20/2004|2/26/2020 15:17|4/30/2019|4/1/2019
001400000000000000000008437419|(MchOvHwO) Smv.|NULL|NULL|(MchOvHwO) Smv.|N|NON-OA|2019-04-30|9656|SSME Sales Bangkok|SSME|SSME|Others|15|NULL|NULL|NULL|NULL|NULL|NULL|NULL|NULL|NULL|NULL|NULL|NULL|NULL|NULL|NULL|NULL|NULL|NULL|NULL|NULL|2|2|N|C|NULL|NULL|9/20/2004|2/26/2020 15:17|4/30/2019|4/1/2019
001400000000000000000000001967|(Restricted_0000001967)|NULL|NULL|(Restricted_0000001967)|N|NULL|NULL|9656|SSME Sales Bangkok|SSME|SSME|Others|19|NULL|76447.07|NULL|NULL|NULL|NULL|NULL|NULL|NULL|NULL|NULL|NULL|NULL|NULL|NULL|NULL|NULL|NULL|NULL|NULL|1|1|Y|P|N|N|4/4/2000|2/26/2020 15:17|4/30/2019|4/1/2019
001400000000000000000000004450|(Restricted_0000004450)|NULL|NULL|(Restricted_0000004450)|N|NULL|NULL|9656|SSME Sales Bangkok|SSME|SSME|Others|19|NULL|25932.26|NULL|NULL|NULL|NULL|NULL|NULL|NULL|NULL|NULL|NULL|NULL|NULL|NULL|NULL|NULL|NULL|NULL|NULL|1|1|Y|P|N|N|4/4/2000|2/26/2020 15:17|4/30/2019|4/1/2019
001400000000000000000000004635|(Restricted_0000004635)|NULL|NULL|(Restricted_0000004635)|N|NULL|NULL|9656|SSME Sales Bangkok|SSME|SSME|Others|19|NULL|2377.56|NULL|NULL|NULL|NULL|NULL|NULL|NULL|NULL|NULL|NULL|NULL|NULL|NULL|NULL|NULL|NULL|NULL|NULL|1|1|Y|P|N|N|4/4/2000|2/26/2020 15:17|4/30/2019|4/1/2019
001400000000000000000000008077|(Restricted_0000008077)|NULL|NULL|(Restricted_0000008077)|N|NULL|NULL|9656|SSME Sales Bangkok|SSME|SSME|Others|19|NULL|17639.81|NULL|NULL|NULL|NULL|NULL|NULL|NULL|NULL|NULL|NULL|NULL|NULL|NULL|NULL|NULL|NULL|NULL|NULL|1|1|Y|P|N|N|4/4/2000|2/26/2020 15:17|4/30/2019|4/1/2019
001400000000000000000000009757|(Restricted_0000009757)|NULL|NULL|(Restricted_0000009757)|N|NULL|NULL|9695|SSME Upcountry Division 1|SSME|SSME|Others|19|NULL|1109.59|NULL|NULL|NULL|NULL|NULL|NULL|NULL|NULL|NULL|NULL|NULL|NULL|NULL|NULL|NULL|NULL|NULL|NULL|1|1|Y|P|N|N|4/4/2000|2/26/2020 15:17|4/30/2019|4/1/2019
001400000000000000000000013129|(Restricted_0000013129)|NULL|NULL|(Restricted_0000013129)|N|NULL|NULL|9656|SSME Sales Bangkok|SSME|SSME|Others|19|NULL|16861.43|NULL|NULL|NULL|NULL|NULL|NULL|NULL|NULL|NULL|NULL|NULL|NULL|NULL|NULL|NULL|NULL|NULL|NULL|1|1|Y|P|N|N|4/4/2000|2/26/2020 15:17|4/30/2019|4/1/2019
001400000000000000000000013807|(Restricted_0000013807)|NULL|NULL|(Restricted_0000013807)|N|NULL|NULL|9656|SSME Sales Bangkok|SSME|SSME|Others|19|NULL|17539.74|NULL|NULL|NULL|NULL|NULL|NULL|NULL|NULL|NULL|NULL|NULL|NULL|NULL|NULL|NULL|NULL|NULL|NULL|1|1|Y|P|N|N|4/4/2000|2/26/2020 15:17|4/30/2019|4/1/2019
001400000000000000000000015029|(Restricted_0000015029)|NULL|NULL|(Restricted_0000015029)|N|NULL|NULL|9656|SSME Sales Bangkok|SSME|SSME|Others|19|NULL|35532.13|NULL|NULL|NULL|NULL|NULL|NULL|NULL|NULL|NULL|NULL|NULL|NULL|NULL|NULL|NULL|NULL|NULL|NULL|1|1|Y|P|N|N|4/4/2000|2/26/2020 15:17|4/30/2019|4/1/2019
001400000000000000000000016855|(Restricted_0000016855)|NULL|NULL|(Restricted_0000016855)|N|NULL|NULL|9656|SSME Sales Bangkok|SSME|SSME|Others|19|NULL|1553.99|NULL|NULL|NULL|NULL|NULL|NULL|NULL|NULL|NULL|NULL|NULL|NULL|NULL|NULL|NULL|NULL|NULL|NULL|1|1|Y|P|N|N|4/4/2000|2/26/2020 15:17|4/30/2019|4/1/2019
001400000000000000000000017702|(Restricted_0000017702)|NULL|NULL|(Restricted_0000017702)|N|NULL|NULL|9656|SSME Sales Bangkok|SSME|SSME|Others|19|NULL|43.74|NULL|NULL|NULL|NULL|NULL|NULL|NULL|NULL|NULL|NULL|NULL|NULL|NULL|NULL|NULL|NULL|NULL|NULL|1|1|Y|P|N|N|4/4/2000|2/26/2020 15:17|4/30/2019|4/1/2019
001400000000000000000000020763|(Restricted_0000020763)|NULL|NULL|(Restricted_0000020763)|N|NULL|NULL|9656|SSME Sales Bangkok|SSME|SSME|Others|19|NULL|11512.56|NULL|NULL|NULL|NULL|NULL|NULL|NULL|NULL|NULL|NULL|NULL|NULL|NULL|NULL|NULL|NULL|NULL|NULL|1|1|Y|P|N|N|4/4/2000|2/26/2020 15:17|4/30/2019|4/1/2019
001400000000000000000000024041|(Restricted_0000024041)|NULL|NULL|(Restricted_0000024041)|N|NULL|NULL|3893|SSME Onboarding for Deposit|SSME|SSME|Others|19|NULL|17526.95|NULL|NULL|NULL|NULL|NULL|NULL|NULL|NULL|NULL|NULL|NULL|NULL|NULL|NULL|NULL|NULL|NULL|NULL|1|1|Y|P|N|N|4/4/2000|2/26/2020 15:17|4/30/2019|4/1/2019
001400000000000000000000024394|(Restricted_0000024394)|NULL|NULL|(Restricted_0000024394)|N|NULL|NULL|3893|SSME Onboarding for Deposit|SSME|SSME|Others|19|NULL|11064.09|NULL|NULL|NULL|NULL|NULL|NULL|NULL|NULL|NULL|NULL|NULL|NULL|NULL|NULL|NULL|NULL|NULL|NULL|1|1|Y|P|N|N|4/4/2000|2/26/2020 15:17|4/30/2019|4/1/2019
001400000000000000000000025693|(Restricted_0000025693)|NULL|NULL|(Restricted_0000025693)|N|NULL|NULL|9656|SSME Sales Bangkok|SSME|SSME|Others|19|NULL|1927.15|NULL|NULL|NULL|NULL|NULL|NULL|NULL|NULL|NULL|NULL|NULL|NULL|NULL|NULL|NULL|NULL|NULL|NULL|1|1|Y|P|N|N|4/4/2000|2/26/2020 15:17|4/30/2019|4/1/2019
001400000000000000000000026079|(Restricted_0000026079)|NULL|NULL|(Restricted_0000026079)|N|NULL|NULL|9656|SSME Sales Bangkok|SSME|SSME|Others|19|NULL|3877.97|NULL|NULL|NULL|NULL|NULL|NULL|NULL|NULL|NULL|NULL|NULL|NULL|NULL|NULL|NULL|NULL|NULL|NULL|1|1|Y|P|N|N|4/4/2000|2/26/2020 15:17|4/30/2019|4/1/2019
001400000000000000000000034442|(Restricted_0000034442)|NULL|NULL|(Restricted_0000034442)|N|NULL|NULL|9656|SSME Sales Bangkok|SSME|SSME|Others|19|NULL|25918.43|NULL|NULL|NULL|NULL|NULL|NULL|NULL|NULL|NULL|NULL|NULL|NULL|NULL|NULL|NULL|NULL|NULL|NULL|1|1|Y|P|N|N|4/4/2000|2/26/2020 15:17|4/30/2019|4/1/2019
001400000000000000000000035614|(Restricted_0000035614)|NULL|NULL|(Restricted_0000035614)|N|NULL|NULL|9656|SSME Sales Bangkok|SSME|SSME|Others|19|NULL|317.59|NULL|NULL|NULL|NULL|NULL|NULL|NULL|NULL|NULL|NULL|NULL|NULL|NULL|NULL|NULL|NULL|NULL|NULL|1|1|Y|P|N|N|4/4/2000|2/26/2020 15:17|4/30/2019|4/1/2019
001400000000000000000000035739|(Restricted_0000035739)|NULL|NULL|(Restricted_0000035739)|N|NULL|NULL|9491|SSME Upcountry Division 3|SSME|SSME|Others|19|NULL|12864.62|NULL|NULL|NULL|NULL|NULL|NULL|NULL|NULL|NULL|NULL|NULL|NULL|NULL|NULL|NULL|NULL|NULL|NULL|1|1|Y|P|N|N|4/4/2000|2/26/2020 15:17|4/30/2019|4/1/2019
001400000000000000000000040018|(Restricted_0000040018)|NULL|NULL|(Restricted_0000040018)|N|NULL|NULL|9656|SSME Sales Bangkok|SSME|SSME|Others|19|NULL|3882.49|NULL|NULL|NULL|NULL|NULL|NULL|NULL|NULL|NULL|NULL|NULL|NULL|NULL|NULL|NULL|NULL|NULL|NULL|1|1|Y|P|N|N|4/4/2000|2/26/2020 15:17|4/30/2019|4/1/2019
001400000000000000000000040942|(Restricted_0000040942)|NULL|NULL|(Restricted_0000040942)|N|NULL|NULL|9656|SSME Sales Bangkok|SSME|SSME|Others|19|NULL|158084.02|NULL|NULL|NULL|NULL|NULL|NULL|NULL|NULL|NULL|NULL|NULL|NULL|NULL|NULL|NULL|NULL|NULL|NULL|1|1|Y|P|N|N|4/4/2000|2/26/2020 15:17|4/30/2019|4/1/2019
001400000000000000000000040947|(Restricted_0000040947)|NULL|NULL|(Restricted_0000040947)|N|NULL|NULL|9656|SSME Sales Bangkok|SSME|SSME|Others|19|NULL|261234.56|NULL|NULL|NULL|NULL|NULL|NULL|NULL|NULL|NULL|NULL|NULL|NULL|NULL|NULL|NULL|NULL|NULL|NULL|1|1|Y|P|N|N|4/4/2000|2/26/2020 15:17|4/30/2019|4/1/2019
001400000000000000000000042054|(Restricted_0000042054)|NULL|NULL|(Restricted_0000042054)|N|NULL|NULL|9656|SSME Sales Bangkok|SSME|SSME|Others|19|NULL|129.1|NULL|NULL|NULL|NULL|NULL|NULL|NULL|NULL|NULL|NULL|NULL|NULL|NULL|NULL|NULL|NULL|NULL|NULL|1|1|Y|P|N|N|4/4/2000|2/26/2020 15:17|4/30/2019|4/1/2019
001400000000000000000000043485|(Restricted_0000043485)|NULL|NULL|(Restricted_0000043485)|N|NULL|NULL|9989|SSME Upcountry Division 2|SSME|SSME|Others|19|NULL|37.96|NULL|NULL|NULL|NULL|NULL|NULL|NULL|NULL|NULL|NULL|NULL|NULL|NULL|NULL|NULL|NULL|NULL|NULL|1|1|Y|P|N|N|4/4/2000|2/26/2020 15:17|4/30/2019|4/1/2019
001400000000000000000000045651|(Restricted_0000045651)|NULL|NULL|(Restricted_0000045651)|N|NULL|NULL|9695|SSME Upcountry Division 1|SSME|SSME|Others|19|NULL|38299.24|NULL|NULL|NULL|NULL|NULL|NULL|NULL|NULL|NULL|NULL|NULL|NULL|NULL|NULL|NULL|NULL|NULL|NULL|1|1|Y|P|N|N|4/4/2000|2/26/2020 15:17|4/30/2019|4/1/2019
001400000000000000000000047015|(Restricted_0000047015)|NULL|NULL|(Restricted_0000047015)|N|NULL|NULL|3893|SSME Onboarding for Deposit|SSME|SSME|Others|19|NULL|711.36|NULL|NULL|NULL|NULL|NULL|NULL|NULL|NULL|NULL|NULL|NULL|NULL|NULL|NULL|NULL|NULL|NULL|NULL|1|1|Y|P|N|N|4/6/2000|2/26/2020 15:17|4/30/2019|4/1/2019
001400000000000000000000050631|(Restricted_0000050631)|NULL|NULL|(Restricted_0000050631)|N|NULL|NULL|9989|SSME Upcountry Division 2|SSME|SSME|Others|19|NULL|159.52|NULL|NULL|NULL|NULL|NULL|NULL|NULL|NULL|NULL|NULL|NULL|NULL|NULL|NULL|NULL|NULL|NULL|NULL|1|1|Y|P|N|N|4/6/2000|2/26/2020 15:17|4/30/2019|4/1/2019
001400000000000000000000050667|(Restricted_0000050667)|NULL|NULL|(Restricted_0000050667)|N|NULL|NULL|9656|SSME Sales Bangkok|SSME|SSME|Others|19|NULL|77113.93|NULL|NULL|NULL|NULL|NULL|NULL|NULL|NULL|NULL|NULL|NULL|NULL|NULL|NULL|NULL|NULL|NULL|NULL|1|1|Y|P|N|N|4/6/2000|2/26/2020 15:17|4/30/2019|4/1/2019
001400000000000000000000051615|(Restricted_0000051615)|NULL|NULL|(Restricted_0000051615)|N|NULL|NULL|3893|SSME Onboarding for Deposit|SSME|SSME|Others|19|NULL|42916.71|NULL|NULL|NULL|NULL|NULL|NULL|NULL|NULL|NULL|NULL|NULL|NULL|NULL|NULL|NULL|NULL|NULL|NULL|1|1|Y|P|N|N|4/6/2000|2/26/2020 15:17|4/30/2019|4/1/2019
001400000000000000000000052221|(Restricted_0000052221)|NULL|NULL|(Restricted_0000052221)|N|NULL|NULL|9695|SSME Upcountry Division 1|SSME|SSME|Others|19|NULL|191.81|NULL|NULL|NULL|NULL|NULL|NULL|NULL|NULL|NULL|NULL|NULL|NULL|NULL|NULL|NULL|NULL|NULL|NULL|1|1|Y|P|N|N|4/6/2000|2/26/2020 15:17|4/30/2019|4/1/2019
001400000000000000000000052271|(Restricted_0000052271)|NULL|NULL|(Restricted_0000052271)|N|NULL|NULL|9989|SSME Upcountry Division 2|SSME|SSME|Others|19|NULL|21634.91|NULL|NULL|NULL|NULL|NULL|NULL|NULL|NULL|NULL|NULL|NULL|NULL|NULL|NULL|NULL|NULL|NULL|NULL|1|1|Y|P|N|N|4/6/2000|2/26/2020 15:17|4/30/2019|4/1/2019
001400000000000000000000052926|(Restricted_0000052926)|NULL|NULL|(Restricted_0000052926)|N|NULL|NULL|9656|SSME Sales Bangkok|SSME|SSME|Others|19|NULL|420369.48|NULL|NULL|NULL|NULL|NULL|NULL|NULL|NULL|NULL|NULL|NULL|NULL|NULL|NULL|NULL|NULL|NULL|NULL|1|1|Y|P|N|N|4/6/2000|2/26/2020 15:17|4/30/2019|4/1/2019
001400000000000000000000053966|(Restricted_0000053966)|NULL|NULL|(Restricted_0000053966)|N|NULL|NULL|9656|SSME Sales Bangkok|SSME|SSME|Others|19|NULL|23646.27|NULL|NULL|NULL|NULL|NULL|NULL|NULL|NULL|NULL|NULL|NULL|NULL|NULL|NULL|NULL|NULL|NULL|NULL|1|1|Y|P|N|N|4/6/2000|2/26/2020 15:17|4/30/2019|4/1/2019
001400000000000000000000054294|(Restricted_0000054294)|NULL|NULL|(Restricted_0000054294)|N|NULL|NULL|9695|SSME Upcountry Division 1|SSME|SSME|Others|19|NULL|3183.62|NULL|NULL|NULL|NULL|NULL|NULL|NULL|NULL|NULL|NULL|NULL|NULL|NULL|NULL|NULL|NULL|NULL|NULL|1|1|Y|P|N|N|4/6/2000|2/26/2020 15:17|4/30/2019|4/1/2019
001400000000000000000000057830|(Restricted_0000057830)|NULL|NULL|(Restricted_0000057830)|N|NULL|NULL|9695|SSME Upcountry Division 1|SSME|SSME|Others|19|NULL|22653.36|NULL|NULL|NULL|NULL|NULL|NULL|NULL|NULL|NULL|NULL|NULL|NULL|NULL|NULL|NULL|NULL|NULL|NULL|1|1|Y|P|N|N|4/6/2000|2/26/2020 15:17|4/30/2019|4/1/2019
001400000000000000000000058848|(Restricted_0000058848)|NULL|NULL|(Restricted_0000058848)|N|NULL|NULL|9656|SSME Sales Bangkok|SSME|SSME|Others|19|NULL|445278.03|NULL|NULL|NULL|NULL|NULL|NULL|NULL|NULL|NULL|NULL|NULL|NULL|NULL|NULL|NULL|NULL|NULL|NULL|1|1|Y|P|N|N|4/6/2000|2/26/2020 15:17|4/30/2019|4/1/2019
001400000000000000000000059696|(Restricted_0000059696)|NULL|NULL|(Restricted_0000059696)|N|NULL|NULL|3893|SSME Onboarding for Deposit|SSME|SSME|Others|19|NULL|46843.68|NULL|NULL|NULL|NULL|NULL|NULL|NULL|NULL|NULL|NULL|NULL|NULL|NULL|NULL|NULL|NULL|NULL|NULL|1|1|Y|P|N|N|4/6/2000|2/26/2020 15:17|4/30/2019|4/1/2019
001400000000000000000000059882|(Restricted_0000059882)|NULL|NULL|(Restricted_0000059882)|N|NULL|NULL|9491|SSME Upcountry Division 3|SSME|SSME|Others|19|NULL|336.48|NULL|NULL|NULL|NULL|NULL|NULL|NULL|NULL|NULL|NULL|NULL|NULL|NULL|NULL|NULL|NULL|NULL|NULL|1|1|Y|P|N|N|4/6/2000|2/26/2020 15:17|4/30/2019|4/1/2019
001400000000000000000000060533|(Restricted_0000060533)|NULL|NULL|(Restricted_0000060533)|N|NULL|NULL|9491|SSME Upcountry Division 3|SSME|SSME|Others|19|NULL|20485.07|NULL|NULL|NULL|NULL|NULL|NULL|NULL|NULL|NULL|NULL|NULL|NULL|NULL|NULL|NULL|NULL|NULL|NULL|1|1|Y|P|N|N|4/6/2000|2/26/2020 15:17|4/30/2019|4/1/2019
001400000000000000000000062969|(Restricted_0000062969)|NULL|NULL|(Restricted_0000062969)|N|NULL|NULL|9656|SSME Sales Bangkok|SSME|SSME|Others|19|NULL|14330.55|NULL|NULL|NULL|NULL|NULL|NULL|NULL|NULL|NULL|NULL|NULL|NULL|NULL|NULL|NULL|NULL|NULL|NULL|1|1|Y|P|N|N|4/6/2000|2/26/2020 15:17|4/30/2019|4/1/2019
001400000000000000000000064371|(Restricted_0000064371)|NULL|NULL|(Restricted_0000064371)|N|NULL|NULL|9656|SSME Sales Bangkok|SSME|SSME|Others|19|NULL|24261.81|NULL|NULL|NULL|NULL|NULL|NULL|NULL|NULL|NULL|NULL|NULL|NULL|NULL|NULL|NULL|NULL|NULL|NULL|1|1|Y|P|N|N|4/6/2000|2/26/2020 15:17|4/30/2019|4/1/2019
